,DataTime,Implied Vola,Hist Vola,Ask
0,20140227,0.56989483,0.65720463,50.488
1,20140228,0.56671993,0.64133012,48.78
2,20140303,0.57306973,0.64767992,50.1
3,20140304,0.56830738,0.65402972,50.894
4,20140305,0.6032313,0.65244227,50.48
5,20140306,0.5968815,0.65244227,50.52
6,20140307,0.57465718,0.64926737,49.13
7,20140310,0.57465718,0.64609247,47.71
8,20140311,0.57148228,0.63815522,46.57
9,20140312,0.56354503,0.64609247,48.596
10,20140313,0.58418189,0.64450502,47.478
11,20140314,0.55719523,0.64291757,46.038
12,20140317,0.55560778,0.63974267,47.17
13,20140318,0.55243287,0.63656777,48.13
14,20140319,0.54449562,0.63339286,47.16
15,20140320,0.53655837,0.62228071,47.078
16,20140321,0.53020856,0.62228071,45.6
17,20140324,0.55878268,0.64133012,44.2
18,20140325,0.54132072,0.64133012,44.178
19,20140326,0.53973327,0.63815522,42.6
20,20140327,0.56671993,0.64609247,41.182
21,20140328,0.53497092,0.64767992,42.94
22,20140331,0.53179601,0.57941954,41.638
23,20140401,0.49845955,0.58735679,43.584
24,20140402,0.51909641,0.6032313,46.418
25,20140403,0.52385876,0.54767052,45.13
26,20140404,0.53338346,0.52068386,42.332
27,20140407,0.56354503,0.51115915,41.6
28,20140408,0.53814582,0.5127466,43.018
29,20140409,0.51115915,0.51115915,43.51
30,20140410,0.5968815,0.52385876,40.66
31,20140411,0.61751836,0.53179601,40.82
32,20140414,0.63974267,0.53497092,39.68
33,20140415,0.65561717,0.54132072,39.038
34,20140416,0.62704306,0.54608307,39.4
35,20140417,0.61116855,0.53973327,39.67
36,20140421,0.93659596,0.53497092,41.08
37,20140422,0.93977087,0.54290817,43.53
38,20140423,0.95405792,0.55402032,42.15
39,20140424,0.95882028,0.55560778,41.6
40,20140425,0.7159403,0.55719523,39.994
41,20140428,0.73498971,0.56037013,39.88
42,20140429,0.7000658,0.55878268,41.08
43,20140430,0.69371599,0.56037013,41.756
44,20140501,0.67307913,0.54132072,41.5
45,20140502,0.65879208,0.54608307,42.29
46,20140505,0.63815522,0.63974267,43.34
47,20140506,0.65879208,0.63656777,41.548
48,20140507,0.67784149,0.63339286,37.238
49,20140508,0.51750896,0.63180541,35.548
50,20140509,0.48575994,0.63180541,36.396
51,20140512,0.45877328,0.63021796,36.998
52,20140513,0.45083602,0.62069326,38.05
53,20140514,0.44289877,0.612756,38.19
54,20140515,0.44289877,0.5968815,37.736
55,20140516,0.42067446,0.59211914,38.31
56,20140519,0.42226191,0.59053169,39.404
57,20140520,0.40479995,0.58735679,39.002
58,20140521,0.4000376,0.58259444,39.996
59,20140522,0.4000376,0.57306973,40.998
60,20140523,0.38575054,0.55402032,41.498
61,20140527,0.41114975,0.54925797,42.342
62,20140528,0.42067446,0.54767052,42.09
63,20140529,0.41432466,0.53973327,42.014
64,20140530,0.41114975,0.53497092,41.476
65,20140602,0.41114975,0.53179601,40.736
66,20140603,0.4063874,0.52544621,40.978
67,20140604,0.40162505,0.5127466,40.72
68,20140605,0.39845015,0.4968721,41.4
69,20140606,0.38733799,0.49210974,41.574
70,20140609,0.38575054,0.49210974,40.88
71,20140610,0.37622584,0.48734739,40.512
72,20140611,0.36987603,0.4968721,40.9
73,20140612,0.37305093,0.50163445,40.688
74,20140613,0.36670113,0.4968721,41.168
75,20140616,0.43178661,0.48893484,45.0
76,20140617,0.42861171,0.35241407,46.1
77,20140618,0.41432466,0.35400153,45.4
78,20140619,0.41432466,0.35082662,45.38
79,20140620,0.39845015,0.34923917,45.86
80,20140623,0.43178661,0.34606427,47.548
81,20140624,0.4063874,0.33971447,46.54
82,20140625,0.41114975,0.33971447,47.4
83,20140626,0.40162505,0.33812702,47.098
84,20140627,0.40479995,0.34765172,47.872
85,20140630,0.39051289,0.35241407,48.07
86,20140701,0.39051289,0.35558898,47.928
87,20140702,0.41591211,0.36193878,45.96
88,20140703,0.42067446,0.36193878,45.78
89,20140707,0.52385876,0.36511368,44.374
90,20140708,0.53973327,0.36352623,43.8
91,20140709,0.55878268,0.37463839,44.67
92,20140710,0.57148228,0.37305093,43.864
93,20140711,0.55719523,0.37622584,43.522
94,20140714,0.56989483,0.37622584,45.45
95,20140715,0.56830738,0.37622584,43.86
96,20140716,0.56830738,0.37781329,43.39
97,20140717,0.56671993,0.37622584,42.98
98,20140718,0.52862111,0.37463839,44.04
99,20140721,0.52385876,0.37305093,44.098
100,20140722,0.51909641,0.36987603,43.992
101,20140723,0.5032219,0.37781329,44.74
102,20140724,0.5063968,0.36511368,44.67
103,20140725,0.500047,0.35876388,44.76
104,20140728,0.49052229,0.36511368,44.93
105,20140729,0.500047,0.36828858,45.16
106,20140730,0.52068386,0.36987603,45.86
107,20140731,0.53655837,0.36828858,44.778
108,20140801,0.38892544,0.36828858,46.66
109,20140804,0.37463839,0.36828858,47.738
110,20140805,0.37940074,0.36670113,47.786
111,20140806,0.39051289,0.38098819,49.75
112,20140807,0.37622584,0.38098819,50.532
113,20140808,0.36987603,0.38098819,49.678
114,20140811,0.37463839,0.36987603,51.788
115,20140812,0.36987603,0.36352623,52.032
116,20140813,0.35082662,0.35876388,52.596
117,20140814,0.33653957,0.35400153,52.24
118,20140815,0.34288937,0.35400153,52.4
119,20140818,0.33971447,0.34447682,51.948
120,20140819,0.34130192,0.34447682,51.236
121,20140820,0.33812702,0.32701486,51.17
122,20140821,0.33971447,0.32225251,50.918
123,20140822,0.32225251,0.31590271,51.35
124,20140825,0.33177721,0.3095529,52.53
125,20140826,0.32066506,0.31431526,52.44
126,20140827,0.3127278,0.31749016,52.65
127,20140828,0.3095529,0.31907761,52.818
128,20140829,0.29844075,0.32701486,53.95
129,20140902,0.33812702,0.33336467,56.936
130,20140903,0.33812702,0.33336467,56.198
131,20140904,0.33177721,0.32383996,57.35
132,20140905,0.33495212,0.32701486,55.388
133,20140908,0.33812702,0.32383996,56.43
134,20140909,0.33018976,0.31590271,55.778
135,20140910,0.32860231,0.33812702,56.278
136,20140911,0.33018976,0.33971447,56.036
137,20140912,0.32383996,0.33812702,55.8
138,20140915,0.38733799,0.33018976,51.08
139,20140916,0.36987603,0.33495212,52.14
140,20140917,0.35241407,0.34606427,52.344
141,20140918,0.33812702,0.33971447,52.798
142,20140919,0.34606427,0.33971447,51.78
143,20140922,0.37781329,0.34130192,49.698
144,20140923,0.37463839,0.34130192,50.07
145,20140924,0.36193878,0.34606427,50.4
146,20140925,0.37305093,0.34606427,49.45
147,20140926,0.37305093,0.34606427,49.368
148,20140929,0.39527525,0.36670113,48.96
149,20140930,0.38416309,0.36670113,48.58
150,20141001,0.39210034,0.36987603,48.29
151,20141002,0.44289877,0.37146348,50.22
152,20141003,0.43813642,0.37940074,51.2
153,20141006,0.49210974,0.38733799,52.11
154,20141007,0.5127466,0.41908701,52.02
155,20141008,0.51592151,0.43019916,52.138
156,20141009,0.53973327,0.43337406,51.76
157,20141010,0.56037013,0.45083602,47.478
158,20141013,0.60799365,0.46829798,44.72
159,20141014,0.57941954,0.47464779,45.75
160,20141015,0.60799365,0.47464779,44.7
161,20141016,0.61434345,0.47623524,45.576
162,20141017,0.56513248,0.47623524,45.5
163,20141020,0.54767052,0.47782269,46.3
164,20141021,0.54925797,0.47941014,46.98
165,20141022,0.56830738,0.46353563,46.39
166,20141023,0.52385876,0.47941014,47.128
167,20141024,0.51115915,0.48099759,47.12
168,20141027,0.6064062,0.48099759,44.4
169,20141028,0.55402032,0.47782269,48.1
170,20141029,0.54449562,0.47147288,47.598
171,20141030,0.54449562,0.46671053,47.79
172,20141031,0.51909641,0.46829798,48.34
173,20141103,0.51750896,0.48893484,48.46
174,20141104,0.52227131,0.49052229,48.0
175,20141105,0.57783209,0.48893484,49.4
176,20141106,0.38416309,0.48893484,48.36
177,20141107,0.36987603,0.48734739,48.0
178,20141110,0.35717643,0.47147288,48.46
179,20141111,0.35558898,0.47306033,50.27
180,20141112,0.34606427,0.47306033,49.978
181,20141113,0.33812702,0.47147288,50.4
182,20141114,0.33336467,0.47464779,51.69
183,20141117,0.34288937,0.46829798,50.79
184,20141118,0.33177721,0.44607367,51.6
185,20141119,0.34765172,0.43337406,49.706
186,20141120,0.34447682,0.42384936,49.898
187,20141121,0.35082662,0.4032125,48.618
188,20141124,0.32860231,0.37622584,49.314
189,20141125,0.31907761,0.37463839,49.774
190,20141126,0.31114035,0.37622584,49.778
191,20141128,0.31590271,0.37781329,48.928
192,20141201,0.36352623,0.37463839,46.498
193,20141202,0.35876388,0.37305093,46.4
194,20141203,0.35558898,0.38416309,45.998
195,20141204,0.34606427,0.3968627,45.7
196,20141205,0.34288937,0.38098819,44.992
197,20141208,0.38416309,0.38416309,42.898
198,20141209,0.36987603,0.39210034,43.3
199,20141210,0.3968627,0.39210034,41.878
200,20141211,0.4000376,0.39845015,41.776
201,20141212,0.41908701,0.41114975,41.984
202,20141215,0.44131132,0.41749956,40.8
203,20141216,0.45559838,0.3936878,39.574
204,20141217,0.41908701,0.3936878,41.338
205,20141218,0.42702426,0.39210034,43.7
206,20141219,0.39845015,0.39051289,43.89
207,20141222,0.38575054,0.38733799,44.51
208,20141223,0.37622584,0.38575054,44.1
209,20141224,0.37305093,0.38416309,44.49
210,20141226,0.37781329,0.38257564,45.608
211,20141229,0.37146348,0.39051289,45.134
212,20141230,0.37781329,0.3936878,44.57
213,20141231,0.37622584,0.4032125,44.498
214,20150102,0.38098819,0.4000376,43.902
215,20150105,0.42543681,0.3968627,41.8
216,20150106,0.43496152,0.4000376,42.35
217,20150107,0.42384936,0.40479995,42.26
218,20150108,0.4032125,0.40797485,42.2
219,20150109,0.4000376,0.48893484,41.25
220,20150112,0.41749956,0.48575994,40.54
221,20150113,0.39845015,0.49052229,38.4
222,20150114,0.46512308,0.49528465,38.62
223,20150115,0.47782269,0.48893484,38.336
224,20150116,0.45083602,0.47306033,38.7
225,20150120,0.48575994,0.46988543,38.566
226,20150121,0.500047,0.46829798,39.312
227,20150122,0.48417249,0.46194818,40.564
228,20150123,0.48417249,0.46671053,40.228
229,20150126,0.49845955,0.46036073,41.398
230,20150127,0.50480935,0.45083602,41.41
231,20150128,0.51909641,0.44766112,40.0
232,20150129,0.5095717,0.44607367,41.18
233,20150130,0.5063968,0.44607367,40.726
234,20150202,0.5127466,0.44766112,42.098
235,20150203,0.48734739,0.45083602,43.894
236,20150204,0.48575994,0.45242347,43.624
237,20150205,0.47464779,0.45877328,44.2
238,20150206,0.47941014,0.53655837,43.44
239,20150209,0.4968721,0.53814582,43.558
240,20150210,0.52385876,0.53179601,43.036
241,20150211,0.53655837,0.52385876,40.9
242,20150212,0.38416309,0.51750896,40.57
243,20150213,0.36987603,0.51909641,40.72
244,20150217,0.36828858,0.52544621,41.0
245,20150218,0.36670113,0.52544621,40.8
246,20150219,0.35241407,0.52227131,42.398
247,20150220,0.34765172,0.52385876,43.47
248,20150223,0.37781329,0.43972387,41.332
249,20150224,0.37463839,0.43972387,40.754
250,20150225,0.36828858,0.43972387,40.8
251,20150226,0.37146348,0.43496152,41.498
252,20150227,0.36828858,0.43178661,40.698
253,20150302,0.38575054,0.43337406,39.476
254,20150303,0.38257564,0.43337406,39.97
255,20150304,0.36828858,0.43496152,40.48
256,20150305,0.37305093,0.43496152,40.11
257,20150306,0.38892544,0.43337406,38.946
258,20150309,0.4000376,0.42702426,38.3
259,20150310,0.3968627,0.43019916,38.176
260,20150311,0.39210034,0.43019916,38.898
261,20150312,0.38892544,0.42702426,38.272
262,20150313,0.38575054,0.43337406,37.812
263,20150316,0.38257564,0.43178661,39.2
264,20150317,0.38733799,0.42861171,39.05
265,20150318,0.37463839,0.42861171,40.37
266,20150319,0.37305093,0.43019916,39.2
267,20150320,0.35717643,0.42384936,39.596
268,20150323,0.35400153,0.32701486,39.988
269,20150324,0.35082662,0.34130192,40.376
270,20150325,0.36987603,0.34130192,38.894
271,20150326,0.38416309,0.34606427,38.132
272,20150327,0.4032125,0.34447682,37.0
273,20150330,0.43019916,0.36828858,38.58
274,20150331,0.42861171,0.35876388,37.726
275,20150401,0.43019916,0.36511368,37.574
276,20150402,0.43337406,0.36511368,38.222
277,20150406,0.5063968,0.35558898,40.57
278,20150407,0.50163445,0.35400153,40.59
279,20150408,0.50163445,0.35241407,41.558
280,20150409,0.5032219,0.35082662,42.042
281,20150410,0.50480935,0.34765172,42.24
282,20150413,0.5032219,0.34606427,41.96
283,20150414,0.49845955,0.33812702,41.428
284,20150415,0.49052229,0.33812702,41.598
285,20150416,0.49210974,0.34130192,41.398
286,20150417,0.49052229,0.34130192,41.2
287,20150420,0.48575994,0.33971447,41.02
288,20150421,0.47464779,0.36352623,41.938
289,20150422,0.46829798,0.36193878,43.788
290,20150423,0.45083602,0.36511368,43.8
291,20150424,0.44924857,0.36511368,43.758
292,20150427,0.46353563,0.37146348,46.54
293,20150428,0.46194818,0.37463839,46.21
294,20150429,0.46194818,0.3936878,46.6
295,20150430,0.48417249,0.3936878,45.3
296,20150501,0.46353563,0.41591211,45.194
297,20150504,0.45559838,0.41591211,46.1
298,20150505,0.46512308,0.4127372,46.768
299,20150506,0.46036073,0.4032125,46.76
300,20150507,0.34130192,0.40162505,47.24
301,20150508,0.33018976,0.39845015,47.322
302,20150511,0.34130192,0.3968627,47.976
303,20150512,0.33812702,0.37305093,49.298
304,20150513,0.32701486,0.37305093,48.568
305,20150514,0.31749016,0.36670113,48.84
306,20150515,0.31907761,0.36670113,49.84
307,20150518,0.29844075,0.36670113,49.77
308,20150519,0.3000282,0.36670113,49.42
309,20150520,0.29844075,0.36670113,48.794
310,20150521,0.28891604,0.36828858,49.112
311,20150522,0.28891604,0.36828858,49.588
312,20150526,0.30796545,0.36670113,49.5
313,20150527,0.30161565,0.36670113,49.6
314,20150528,0.3095529,0.36352623,50.376
315,20150529,0.3127278,0.35400153,50.18
316,20150601,0.31907761,0.35241407,49.938
317,20150602,0.32225251,0.35558898,49.758
318,20150603,0.32225251,0.32701486,49.81
319,20150604,0.33177721,0.32701486,49.12
320,20150605,0.32860231,0.32383996,49.858
321,20150608,0.34288937,0.31749016,51.38
322,20150609,0.34447682,0.30161565,50.99
323,20150610,0.32066506,0.29526585,50.24
324,20150611,0.32225251,0.27939134,50.282
325,20150612,0.31907761,0.27780389,50.19
326,20150615,0.32701486,0.23335527,50.092
327,20150616,0.31907761,0.23970507,50.644
328,20150617,0.32701486,0.23811762,52.278
329,20150618,0.3127278,0.23176781,52.42
330,20150619,0.28574114,0.23018036,52.54
331,20150622,0.2936784,0.22859291,51.98
332,20150623,0.28891604,0.23494272,53.536
333,20150624,0.28891604,0.23811762,53.1
334,20150625,0.31431526,0.23970507,53.74
335,20150626,0.31907761,0.26986663,53.598
336,20150629,0.36352623,0.27145408,52.476
337,20150630,0.37146348,0.29209094,53.75
338,20150701,0.36193878,0.306378,53.86
339,20150702,0.33812702,0.3127278,55.974
340,20150706,0.38892544,0.31431526,56.15
341,20150707,0.42384936,0.31907761,53.198
342,20150708,0.44131132,0.31907761,51.134
343,20150709,0.43972387,0.32066506,51.878
344,20150710,0.42543681,0.32066506,51.83
345,20150713,0.40797485,0.32860231,52.456
346,20150714,0.39845015,0.34130192,53.148
347,20150715,0.40162505,0.36193878,52.69
348,20150716,0.39210034,0.36987603,53.998
349,20150717,0.3968627,0.36511368,54.93
350,20150720,0.41749956,0.36670113,56.596
351,20150721,0.46353563,0.37781329,53.038
352,20150722,0.46353563,0.38575054,53.78
353,20150723,0.47623524,0.38733799,53.6
354,20150724,0.49369719,0.38098819,53.14
355,20150727,0.48734739,0.38098819,50.72
356,20150728,0.47782269,0.38416309,53.08
357,20150729,0.47306033,0.38098819,52.75
358,20150730,0.45718583,0.38575054,53.438
359,20150731,0.45242347,0.47464779,53.15
360,20150803,0.46829798,0.47464779,52.03
361,20150804,0.46036073,0.48099759,53.1
362,20150805,0.49052229,0.47941014,51.038
363,20150806,0.37463839,0.48099759,49.19
364,20150807,0.38575054,0.48258504,48.558
365,20150810,0.37146348,0.46829798,48.2
366,20150811,0.38257564,0.49052229,47.498
367,20150812,0.38098819,0.48099759,47.846
368,20150813,0.37781329,0.46988543,48.598
369,20150814,0.37463839,0.47306033,48.75
370,20150817,0.37622584,0.48734739,51.06
371,20150818,0.36352623,0.69054109,52.16
372,20150819,0.35876388,0.7095905,50.97
373,20150820,0.4063874,0.72546501,48.36
374,20150821,0.48258504,0.73340226,46.08
375,20150824,0.60799365,0.73181481,44.0
376,20150825,0.58576934,0.73022736,44.1
377,20150826,0.55719523,0.72863991,45.12
378,20150827,0.5063968,0.73181481,48.76
379,20150828,0.49052229,0.73340226,49.776
380,20150831,0.49528465,0.73498971,49.422
381,20150901,0.54449562,0.73181481,47.924
382,20150902,0.48417249,0.72705246,50.928
383,20150903,0.46988543,0.72863991,48.9
384,20150904,0.47941014,0.72863991,48.35
385,20150908,0.46194818,0.72863991,50.098
386,20150909,0.44766112,0.72705246,49.816
387,20150910,0.44607367,0.72705246,49.78
388,20150911,0.42861171,0.72387756,50.1
389,20150914,0.43337406,0.67149168,50.666
390,20150915,0.41749956,0.68260384,50.79
391,20150916,0.4000376,0.68260384,52.52
392,20150917,0.37940074,0.68101639,52.59
393,20150918,0.38257564,0.67942894,52.13
394,20150921,0.38892544,0.67942894,53.0
395,20150922,0.41432466,0.68101639,52.07
396,20150923,0.4032125,0.66831678,52.192
397,20150924,0.4032125,0.67466658,52.7
398,20150925,0.41114975,0.67784149,51.372
399,20150928,0.45718583,0.67784149,49.986
400,20150929,0.46512308,0.66672933,49.52
401,20150930,0.42702426,0.45718583,49.738
402,20151001,0.43496152,0.43654897,48.06
403,20151002,0.45401092,0.41749956,49.706
404,20151005,0.47782269,0.4127372,49.104
405,20151006,0.48734739,0.41114975,47.954
406,20151007,0.50480935,0.41432466,46.32
407,20151008,0.51433405,0.3968627,45.14
408,20151009,0.53497092,0.38892544,44.138
409,20151012,0.53655837,0.38892544,42.914
410,20151013,0.53020856,0.38575054,43.84
411,20151014,0.52227131,0.44289877,43.48
412,20151015,0.51433405,0.44289877,44.6
413,20151016,0.500047,0.44448622,45.32
414,20151019,0.49052229,0.44766112,45.58
415,20151020,0.55243287,0.45083602,42.332
416,20151021,0.55560778,0.45559838,42.2
417,20151022,0.53179601,0.45718583,42.6
418,20151023,0.53020856,0.45559838,42.098
419,20151026,0.50163445,0.45718583,43.4
420,20151027,0.51750896,0.44607367,42.098
421,20151028,0.50798425,0.44131132,42.56
422,20151029,0.49845955,0.50798425,42.188
423,20151030,0.50163445,0.50798425,41.38
424,20151102,0.50480935,0.50480935,42.78
425,20151103,0.53179601,0.500047,45.52
426,20151104,0.35400153,0.4968721,46.394
427,20151105,0.34765172,0.48893484,46.396
428,20151106,0.34288937,0.48575994,46.536
429,20151109,0.37146348,0.48099759,45.0
430,20151110,0.37781329,0.48099759,43.318
431,20151111,0.35082662,0.47464779,43.88
432,20151112,0.35876388,0.46988543,42.628
433,20151113,0.3936878,0.46512308,41.298
434,20151116,0.38733799,0.46829798,42.84
435,20151117,0.37940074,0.46829798,42.92
436,20151118,0.36035133,0.46194818,44.164
437,20151119,0.36352623,0.46671053,44.356
438,20151120,0.37463839,0.46512308,44.04
439,20151123,0.36352623,0.46194818,43.64
440,20151124,0.35082662,0.46036073,43.64
441,20151125,0.35558898,0.4063874,46.078
442,20151127,0.35241407,0.4095623,46.24
443,20151130,0.34606427,0.4063874,46.18
444,20151201,0.33812702,0.4095623,47.46
445,20151202,0.34606427,0.41114975,46.598
446,20151203,0.35241407,0.4063874,46.9
447,20151204,0.34765172,0.40479995,46.18
448,20151207,0.38098819,0.40797485,46.288
449,20151208,0.39051289,0.40479995,45.56
450,20151209,0.40479995,0.40162505,45.06
451,20151210,0.39051289,0.40797485,45.496
452,20151211,0.43972387,0.32542741,43.394
453,20151214,0.44766112,0.32701486,43.722
454,20151215,0.43019916,0.32860231,44.34
455,20151216,0.42067446,0.32860231,46.798
456,20151217,0.4032125,0.32860231,46.6
457,20151218,0.4095623,0.32542741,46.1
458,20151221,0.3936878,0.32701486,46.7
459,20151222,0.38416309,0.32860231,46.04
460,20151223,0.36511368,0.33018976,45.996
461,20151224,0.36511368,0.33018976,46.21
462,20151228,0.37305093,0.35717643,45.916
463,20151229,0.37146348,0.36035133,47.578
464,20151230,0.37622584,0.34923917,47.798
465,20151231,0.38416309,0.35241407,48.036
466,20160104,0.4063874,0.35717643,44.918
467,20160105,0.38733799,0.36352623,44.76
468,20160106,0.39845015,0.37305093,44.29
469,20160107,0.44289877,0.37940074,43.24
470,20160108,0.44131132,0.4127372,42.206
471,20160111,0.49210974,0.42543681,41.772
472,20160112,0.49369719,0.43178661,42.198
473,20160113,0.55719523,0.44766112,40.2
474,20160114,0.52544621,0.44924857,41.62
475,20160115,0.56671993,0.45559838,40.994
476,20160119,0.57306973,0.45877328,40.994
477,20160120,0.58259444,0.46512308,40.038
478,20160121,0.56989483,0.46671053,40.104
479,20160122,0.54449562,0.47623524,40.6
480,20160125,0.56354503,0.47623524,39.38
481,20160126,0.57148228,0.49845955,38.54
482,20160127,0.56037013,0.5095717,37.6
483,20160128,0.56830738,0.52068386,37.578
484,20160129,0.55878268,0.53020856,38.334
485,20160201,0.58418189,0.55560778,39.398
486,20160202,0.67149168,0.57148228,36.64
487,20160203,0.67942894,0.63180541,34.728
488,20160204,0.64609247,0.65085482,34.46
489,20160205,0.73816462,0.7032407,32.598
490,20160208,0.82388696,0.72705246,29.316
491,20160209,0.83658656,0.74768932,29.048
492,20160210,0.9127842,0.74451442,31.586
493,20160211,0.64926737,0.74927677,30.336
494,20160212,0.6064062,0.75086422,30.172
495,20160216,0.54290817,0.75245167,31.034
496,20160217,0.52703366,0.75403912,34.186
497,20160218,0.51750896,0.76038893,33.436
498,20160219,0.5063968,0.76356383,33.54
499,20160222,0.52385876,0.76356383,35.39
500,20160223,0.54608307,0.74927677,35.48
501,20160224,0.55084542,0.75086422,36.004
502,20160225,0.52862111,0.74768932,37.376
503,20160226,0.53179601,0.74610187,38.056
504,20160229,0.56830738,0.74451442,38.352
505,20160301,0.59370659,0.74610187,36.98
506,20160302,0.58735679,0.74451442,37.63
507,20160303,0.5968815,0.74133952,39.14
508,20160304,0.56195758,0.74768932,40.2
509,20160307,0.59370659,0.74292697,41.1
510,20160308,0.61910581,0.74610187,40.64
511,20160309,0.61593091,0.72863991,41.8
512,20160310,0.58100699,0.71911521,40.98
513,20160311,0.56037013,0.71117795,41.55
514,20160314,0.54767052,0.7064156,43.158
515,20160315,0.53338346,0.68577874,43.738
516,20160316,0.52068386,0.67149168,44.43
517,20160317,0.51592151,0.62069326,45.658
518,20160318,0.51115915,0.61116855,46.6
519,20160321,0.5063968,0.55719523,47.7
520,20160322,0.49845955,0.52544621,46.66
521,20160323,0.51592151,0.500047,44.29
522,20160324,0.50163445,0.49369719,45.67
523,20160328,0.5063968,0.53020856,46.15
524,20160329,0.49845955,0.54608307,46.24
525,20160330,0.50163445,0.54925797,45.38
526,20160331,0.53179601,0.54767052,46.634
527,20160401,0.49052229,0.53814582,47.5
528,20160404,0.5063968,0.53020856,47.57
529,20160405,0.52227131,0.53497092,51.5
530,20160406,0.54767052,0.53338346,53.22
531,20160407,0.57783209,0.52068386,51.126
532,20160408,0.55402032,0.51750896,50.0
533,20160411,0.57306973,0.5032219,50.036
534,20160412,0.56830738,0.5032219,49.464
535,20160413,0.56830738,0.500047,51.088
536,20160414,0.53973327,0.5063968,50.366
537,20160415,0.52068386,0.5032219,50.928
538,20160418,0.52703366,0.49210974,50.69
539,20160419,0.53497092,0.49210974,49.434
540,20160420,0.52385876,0.48734739,50.05
541,20160421,0.52862111,0.48417249,49.52
542,20160422,0.53338346,0.48575994,50.8
543,20160425,0.53497092,0.48575994,50.32
544,20160426,0.51750896,0.48734739,50.47
545,20160427,0.52227131,0.49052229,50.5
546,20160428,0.52068386,0.50163445,49.72
547,20160429,0.53338346,0.51115915,48.138
548,20160502,0.5095717,0.50163445,48.36
549,20160503,0.53497092,0.4968721,46.456
550,20160504,0.55402032,0.49528465,45.836
551,20160505,0.45559838,0.4968721,42.198
552,20160506,0.42543681,0.49052229,42.98
553,20160509,0.43019916,0.44289877,41.68
554,20160510,0.41908701,0.41749956,41.7
555,20160511,0.41432466,0.40479995,41.77
556,20160512,0.41591211,0.40797485,41.43
557,20160513,0.40797485,0.40797485,41.378
558,20160516,0.3968627,0.40162505,41.834
559,20160517,0.3936878,0.38892544,41.07
560,20160518,0.38733799,0.38575054,42.118
561,20160519,0.3968627,0.38416309,43.8
562,20160520,0.37781329,0.38416309,44.038
563,20160523,0.3936878,0.38416309,43.14
564,20160524,0.38733799,0.38098819,43.65
565,20160525,0.37146348,0.37146348,43.99
566,20160526,0.36828858,0.35876388,45.12
567,20160527,0.35082662,0.35876388,44.6
568,20160531,0.36035133,0.35717643,44.736
569,20160601,0.36193878,0.36352623,43.94
570,20160602,0.36035133,0.36828858,44.09
571,20160603,0.36035133,0.36987603,43.778
572,20160606,0.34765172,0.37146348,44.1
573,20160607,0.35876388,0.37146348,46.546
574,20160608,0.36035133,0.37463839,47.2
575,20160609,0.36035133,0.37305093,45.38
576,20160610,0.36828858,0.35876388,44.19
577,20160613,0.38733799,0.33653957,43.766
578,20160614,0.39845015,0.33653957,42.84
579,20160615,0.37940074,0.33177721,43.6
580,20160616,0.38098819,0.44289877,43.656
581,20160617,0.38257564,0.43654897,43.094
582,20160620,0.36352623,0.44289877,44.088
583,20160621,0.35876388,0.45083602,38.562
584,20160622,0.43019916,0.45242347,39.56
585,20160623,0.39210034,0.46036073,39.03
586,20160624,0.41591211,0.45401092,38.39
587,20160627,0.45083602,0.45718583,39.66
588,20160628,0.42861171,0.46829798,40.38
589,20160629,0.43972387,0.47147288,42.05
590,20160630,0.40797485,0.47147288,41.3
591,20160701,0.42226191,0.47306033,43.34
592,20160705,0.52227131,0.47623524,42.4
593,20160706,0.53179601,0.47623524,42.83
594,20160707,0.53814582,0.47623524,43.39
595,20160708,0.50480935,0.47464779,43.37
596,20160711,0.53179601,0.47464779,44.46
597,20160712,0.51909641,0.47782269,44.956
598,20160713,0.53020856,0.47623524,44.592
599,20160714,0.500047,0.47147288,44.48
600,20160715,0.47464779,0.47147288,43.976
601,20160718,0.49052229,0.46988543,45.18
602,20160719,0.50798425,0.47147288,45.3
603,20160720,0.52227131,0.46829798,46.0
604,20160721,0.500047,0.46353563,44.08
605,20160722,0.48099759,0.46036073,44.41
606,20160725,0.48575994,0.45877328,45.996
607,20160726,0.48099759,0.45877328,45.936
608,20160727,0.48734739,0.45877328,45.794
609,20160728,0.47941014,0.46036073,46.156
610,20160729,0.46988543,0.35876388,46.92
611,20160801,0.45877328,0.35558898,46.28
612,20160802,0.45718583,0.34130192,45.5
613,20160803,0.43972387,0.33018976,44.962
614,20160804,0.35717643,0.32542741,46.04
615,20160805,0.33812702,0.31590271,45.496
616,20160808,0.33177721,0.31114035,45.286
617,20160809,0.32066506,0.29209094,45.7
618,20160810,0.3127278,0.27462899,45.2
619,20160811,0.31431526,0.26510428,45.0
620,20160812,0.306378,0.26351683,45.118
621,20160815,0.31749016,0.25716703,45.002
622,20160816,0.306378,0.24922977,44.738
623,20160817,0.306378,0.25240468,44.698
624,20160818,0.29050349,0.25240468,44.668
625,20160819,0.28415369,0.25081722,45.01
626,20160822,0.28097879,0.25240468,44.61
627,20160823,0.28256624,0.24605487,45.36
628,20160824,0.26034193,0.24446742,44.66
629,20160825,0.27145408,0.24446742,44.198
630,20160826,0.26986663,0.24922977,43.956
631,20160829,0.29526585,0.25081722,43.072
632,20160830,0.29209094,0.24446742,42.35
633,20160831,0.2968533,0.24605487,42.41
634,20160901,0.36035133,0.24287997,40.278
635,20160902,0.37146348,0.24764232,39.76
636,20160906,0.36035133,0.25557958,40.726
637,20160907,0.36193878,0.25716703,40.39
638,20160908,0.36828858,0.24764232,39.53
639,20160909,0.38733799,0.24764232,38.85
640,20160912,0.36511368,0.24446742,39.788
641,20160913,0.37622584,0.24446742,39.144
642,20160914,0.36035133,0.24446742,39.276
643,20160915,0.35876388,0.24764232,40.1
644,20160916,0.35082662,0.24922977,41.15
645,20160919,0.34765172,0.24922977,41.29
646,20160920,0.35400153,0.25081722,40.978
647,20160921,0.34765172,0.25240468,41.172
648,20160922,0.36670113,0.25240468,41.22
649,20160923,0.34288937,0.25716703,41.65
650,20160926,0.35400153,0.26192938,41.86
651,20160927,0.35717643,0.2936784,41.176
652,20160928,0.35082662,0.29526585,41.28
653,20160929,0.38733799,0.2936784,40.2
654,20160930,0.4063874,0.30479055,40.84
655,20161003,0.42702426,0.306378,42.698
656,20161004,0.43813642,0.31590271,42.4
657,20161005,0.46194818,0.31590271,41.82
658,20161006,0.46512308,0.31590271,40.15
659,20161007,0.46353563,0.31749016,39.39
660,20161010,0.46671053,0.30796545,40.35
661,20161011,0.47782269,0.306378,40.05
662,20161012,0.46671053,0.3127278,40.28
663,20161013,0.45718583,0.31590271,40.096
664,20161014,0.43654897,0.31907761,39.45
665,20161017,0.45877328,0.31749016,38.994
666,20161018,0.45559838,0.31114035,39.85
667,20161019,0.45401092,0.30796545,40.898
668,20161020,0.45083602,0.30796545,39.744
669,20161021,0.43972387,0.34447682,40.052
670,20161024,0.43972387,0.34288937,40.5
671,20161025,0.43972387,0.34606427,40.392
672,20161026,0.43813642,0.35558898,42.25
673,20161027,0.36670113,0.35400153,40.694
674,20161028,0.36035133,0.35558898,40.098
675,20161031,0.35876388,0.35558898,39.5
676,20161101,0.38892544,0.36828858,37.8
677,20161102,0.37146348,0.37146348,37.448
678,20161103,0.37146348,0.39845015,37.5
679,20161104,0.37305093,0.41114975,38.24
680,20161107,0.36035133,0.4095623,38.72
681,20161108,0.36035133,0.39845015,39.144
682,20161109,0.36193878,0.4000376,38.078
683,20161110,0.3936878,0.4000376,37.178
684,20161111,0.38257564,0.3936878,37.716
685,20161114,0.40797485,0.39845015,36.378
686,20161115,0.38892544,0.3936878,36.836
687,20161116,0.37305093,0.39845015,36.786
688,20161117,0.37781329,0.40162505,37.986
689,20161118,0.35241407,0.4000376,37.016
690,20161121,0.32860231,0.40162505,36.936
691,20161122,0.32860231,0.40162505,38.28
692,20161123,0.32701486,0.39845015,38.6
693,20161125,0.33177721,0.39527525,39.33
694,20161128,0.33495212,0.3936878,39.224
695,20161129,0.34130192,0.3968627,37.96
696,20161130,0.33653957,0.39845015,37.94
697,20161201,0.36670113,0.40162505,36.51
698,20161202,0.36670113,0.40162505,36.34
699,20161205,0.35558898,0.36828858,37.4
700,20161206,0.35400153,0.36828858,37.2
701,20161207,0.34923917,0.36987603,38.594
702,20161208,0.35400153,0.36511368,38.456
703,20161209,0.35717643,0.36193878,38.436
704,20161212,0.35558898,0.36035133,38.52
705,20161213,0.35558898,0.36035133,39.736
706,20161214,0.36511368,0.34765172,39.976
707,20161215,0.36511368,0.34447682,39.58
708,20161216,0.34923917,0.3127278,40.502
709,20161219,0.33812702,0.2936784,40.49
710,20161220,0.33812702,0.2968533,41.798
711,20161221,0.33018976,0.28891604,41.604
712,20161222,0.33495212,0.28732859,41.73
713,20161223,0.32860231,0.29050349,42.788
714,20161227,0.34288937,0.2968533,43.958
715,20161228,0.35241407,0.29844075,43.91
716,20161229,0.36511368,0.29844075,42.976
717,20161230,0.38892544,0.2936784,42.718
718,20170103,0.38098819,0.28732859,42.58
719,20170104,0.36035133,0.28891604,45.378
720,20170105,0.35558898,0.28574114,45.398
721,20170106,0.36035133,0.28415369,45.86
722,20170109,0.37622584,0.28415369,46.278
723,20170110,0.38257564,0.28097879,45.96
724,20170111,0.36511368,0.27780389,45.95
725,20170112,0.36511368,0.29844075,45.88
726,20170113,0.35717643,0.2968533,47.55
727,20170117,0.37781329,0.29209094,47.18
728,20170118,0.37146348,0.29209094,47.746
729,20170119,0.37305093,0.29526585,48.76
730,20170120,0.36987603,0.29526585,49.0
731,20170123,0.39527525,0.28891604,49.794
732,20170124,0.39527525,0.28891604,50.998
733,20170125,0.39845015,0.2936784,50.878
734,20170126,0.3968627,0.2936784,50.3
735,20170127,0.39527525,0.29209094,50.79
736,20170130,0.41432466,0.28891604,50.17
737,20170131,0.41114975,0.28732859,50.44
738,20170201,0.41114975,0.28574114,49.9
739,20170202,0.41114975,0.28891604,50.2
740,20170203,0.4063874,0.28574114,50.39
741,20170206,0.40797485,0.28097879,51.608
742,20170207,0.4032125,0.28256624,51.55
743,20170208,0.38892544,0.28415369,52.948
744,20170209,0.38892544,0.27304154,53.99
745,20170210,0.38575054,0.26827918,53.838
746,20170213,0.39845015,0.27145408,56.198
747,20170214,0.40479995,0.27462899,56.2
748,20170215,0.4000376,0.28256624,55.94
749,20170216,0.41908701,0.30161565,53.56
750,20170217,0.41749956,0.30796545,54.372
751,20170221,0.42543681,0.32383996,55.8
752,20170222,0.43496152,0.32542741,55.55
753,20170223,0.36193878,0.32701486,51.04
754,20170224,0.34606427,0.32860231,51.348
755,20170227,0.35558898,0.30479055,49.192
756,20170228,0.34923917,0.30796545,50.088
757,20170301,0.34130192,0.306378,49.966
758,20170302,0.33495212,0.3095529,50.012
759,20170303,0.32383996,0.306378,50.28
760,20170306,0.33018976,0.30479055,50.304
761,20170307,0.32383996,0.30479055,49.59
762,20170308,0.32225251,0.30161565,49.52
763,20170309,0.31907761,0.3000282,49.06
764,20170310,0.31431526,0.3127278,48.78
765,20170313,0.33018976,0.3127278,49.358
766,20170314,0.33018976,0.31431526,51.888
767,20170315,0.32701486,0.32383996,52.25
768,20170316,0.32542741,0.32383996,52.46
769,20170317,0.32066506,0.32225251,52.28
770,20170320,0.31907761,0.32066506,52.394
771,20170321,0.33018976,0.32383996,50.288
772,20170322,0.32542741,0.33177721,51.032
773,20170323,0.31907761,0.32701486,50.942
774,20170324,0.32066506,0.32542741,52.774
775,20170327,0.34130192,0.31907761,54.33
776,20170328,0.33336467,0.33336467,55.82
777,20170329,0.32860231,0.33336467,55.49
778,20170330,0.32383996,0.33018976,55.72
779,20170331,0.33812702,0.31590271,55.65
780,20170403,0.37622584,0.3095529,59.76
781,20170404,0.37781329,0.29526585,60.55
782,20170405,0.37781329,0.29526585,59.19
783,20170406,0.38416309,0.2968533,59.79
784,20170407,0.40479995,0.30161565,60.58
785,20170410,0.42702426,0.3032031,62.534
786,20170411,0.43019916,0.3000282,61.596
787,20170412,0.43654897,0.3000282,59.458
788,20170413,0.43337406,0.30161565,60.88
789,20170417,0.44448622,0.3000282,60.158
790,20170418,0.43496152,0.30161565,60.04
791,20170419,0.42861171,0.3032031,61.116
792,20170420,0.42384936,0.30161565,60.55
793,20170421,0.41908701,0.29844075,61.338
794,20170424,0.40797485,0.28732859,61.57
795,20170425,0.4032125,0.29209094,62.75
796,20170426,0.4000376,0.2968533,62.06
797,20170427,0.38575054,0.29209094,61.82
798,20170428,0.38257564,0.306378,62.938
799,20170501,0.38575054,0.3095529,64.792
800,20170502,0.3936878,0.31114035,63.5
801,20170503,0.38575054,0.3095529,60.76
802,20170504,0.3127278,0.30161565,59.232
803,20170505,0.30479055,0.3032031,61.8
804,20170508,0.3127278,0.3032031,61.516
805,20170509,0.32860231,0.31114035,64.1
806,20170510,0.32701486,0.29209094,65.042
807,20170511,0.32701486,0.28891604,64.598
808,20170512,0.31907761,0.28574114,65.0
809,20170515,0.32225251,0.28415369,63.236
810,20170516,0.306378,0.28732859,63.14
811,20170517,0.32542741,0.27939134,61.35
812,20170518,0.32860231,0.27939134,62.6
813,20170519,0.33495212,0.27621644,62.144
814,20170522,0.33177721,0.26986663,62.046
815,20170523,0.33653957,0.27145408,60.8
816,20170524,0.32860231,0.27462899,62.05
817,20170525,0.32701486,0.27621644,63.344
818,20170526,0.33653957,0.27462899,65.14
819,20170530,0.36352623,0.28097879,67.018
820,20170531,0.36193878,0.29844075,68.464
821,20170601,0.34447682,0.29844075,67.974
822,20170602,0.34288937,0.3032031,67.978
823,20170605,0.35241407,0.31590271,69.592
824,20170606,0.36035133,0.32383996,70.678
825,20170607,0.35400153,0.32542741,72.178
826,20170608,0.37781329,0.32383996,74.038
827,20170609,0.3968627,0.32860231,71.6
828,20170612,0.41432466,0.31590271,71.82
829,20170613,0.40797485,0.31431526,75.56
830,20170614,0.41114975,0.31749016,75.9
831,20170615,0.40797485,0.31749016,75.02
832,20170616,0.3968627,0.31907761,74.072
833,20170619,0.39051289,0.31907761,74.948
834,20170620,0.4000376,0.32383996,74.5
835,20170621,0.38416309,0.31749016,75.16
836,20170622,0.39845015,0.32066506,76.67
837,20170623,0.38733799,0.32860231,76.65
838,20170626,0.39051289,0.32860231,75.57
839,20170627,0.40479995,0.33971447,72.54
840,20170628,0.38892544,0.34606427,74.36
841,20170629,0.40162505,0.36511368,72.07
842,20170630,0.4127372,0.37146348,72.436
843,20170703,0.45242347,0.37940074,70.348
844,20170705,0.4968721,0.38257564,65.04
845,20170706,0.5032219,0.38416309,62.198
846,20170707,0.48258504,0.38575054,63.04
847,20170710,0.48893484,0.38575054,63.38
848,20170711,0.47464779,0.39210034,65.57
849,20170712,0.46829798,0.39051289,66.14
850,20170713,0.47147288,0.37781329,64.698
851,20170714,0.45083602,0.37781329,65.59
852,20170717,0.47782269,0.37305093,64.094
853,20170718,0.46988543,0.36511368,65.74
854,20170719,0.45401092,0.36193878,65.044
855,20170720,0.44131132,0.35558898,66.06
856,20170721,0.43654897,0.36987603,65.756
857,20170724,0.44924857,0.36511368,68.55
858,20170725,0.46512308,0.37781329,67.896
859,20170726,0.43972387,0.37781329,68.85
860,20170727,0.47464779,0.38416309,67.02
861,20170728,0.47941014,0.41749956,67.11
862,20170731,0.46988543,0.41749956,64.74
863,20170801,0.45718583,0.41749956,64.13
864,20170802,0.46194818,0.41591211,70.08
865,20170803,0.35717643,0.42067446,69.53
866,20170804,0.34288937,0.42067446,71.49
867,20170807,0.35717643,0.41432466,71.02
868,20170808,0.33812702,0.41749956,72.82
869,20170809,0.34288937,0.4063874,72.84
870,20170810,0.35717643,0.39845015,70.8
871,20170811,0.35876388,0.38416309,71.606
872,20170814,0.35717643,0.37781329,72.83
873,20170815,0.33971447,0.37305093,72.408
874,20170816,0.33495212,0.37146348,72.62
875,20170817,0.34606427,0.37146348,70.478
876,20170818,0.33653957,0.36828858,69.35
877,20170821,0.36193878,0.36828858,67.49
878,20170822,0.33812702,0.36193878,68.312
879,20170823,0.33018976,0.36193878,70.476
880,20170824,0.33653957,0.36035133,70.68
881,20170825,0.33495212,0.36035133,69.56
882,20170828,0.33812702,0.35876388,68.72
883,20170829,0.33653957,0.36035133,69.596
884,20170830,0.33018976,0.35717643,70.696
885,20170831,0.32066506,0.35717643,71.096
886,20170901,0.32860231,0.34130192,71.036
887,20170905,0.35400153,0.34765172,69.996
888,20170906,0.35400153,0.33336467,68.932
889,20170907,0.34130192,0.33336467,70.15
890,20170908,0.34288937,0.32383996,68.688
891,20170911,0.34447682,0.27780389,72.798
892,20170912,0.33971447,0.27621644,72.6
893,20170913,0.33177721,0.27939134,73.2
894,20170914,0.32860231,0.27780389,74.78
895,20170915,0.32860231,0.27462899,76.07
896,20170918,0.34288937,0.27780389,77.0
897,20170919,0.34288937,0.28415369,74.864
898,20170920,0.33495212,0.28732859,74.85
899,20170921,0.33495212,0.29209094,73.296
900,20170922,0.35241407,0.2936784,70.14
901,20170925,0.3968627,0.29209094,69.16
902,20170926,0.38257564,0.2936784,69.28
903,20170927,0.3968627,0.3000282,68.258
904,20170928,0.3936878,0.30161565,68.2
905,20170929,0.39527525,0.29844075,68.25
906,20171002,0.44448622,0.3000282,67.24
907,20171003,0.44131132,0.306378,70.3
908,20171004,0.43654897,0.306378,71.176
909,20171005,0.43178661,0.30161565,71.1
910,20171006,0.43496152,0.30161565,70.8
911,20171009,0.45401092,0.30161565,69.16
912,20171010,0.43813642,0.3032031,71.178
913,20171011,0.43813642,0.3000282,70.958
914,20171012,0.42067446,0.3000282,71.0
915,20171013,0.41591211,0.30161565,71.22
916,20171016,0.42384936,0.3032031,70.18
917,20171017,0.41591211,0.2968533,71.14
918,20171018,0.41432466,0.2968533,72.0
919,20171019,0.41114975,0.3000282,70.35
920,20171020,0.4063874,0.29844075,68.95
921,20171023,0.42226191,0.30479055,67.7
922,20171024,0.42702426,0.3032031,67.5
923,20171025,0.43019916,0.3000282,65.3
924,20171026,0.43178661,0.3000282,65.67
925,20171027,0.43813642,0.37146348,64.174
926,20171030,0.46194818,0.36828858,64.0
927,20171031,0.46194818,0.36511368,66.6
928,20171101,0.49210974,0.35876388,61.0
929,20171102,0.38892544,0.35558898,59.888
930,20171103,0.35717643,0.35876388,61.274
931,20171106,0.37463839,0.35876388,60.536
932,20171107,0.36828858,0.36352623,61.162
933,20171108,0.36670113,0.35558898,60.98
934,20171109,0.37146348,0.35717643,60.5
935,20171110,0.35876388,0.36035133,60.56
936,20171113,0.36352623,0.38098819,63.16
937,20171114,0.36670113,0.38098819,61.78
938,20171115,0.37463839,0.38098819,62.4
939,20171116,0.36828858,0.37940074,62.512
940,20171117,0.36035133,0.37940074,63.05
941,20171120,0.36193878,0.38098819,61.7
942,20171121,0.33495212,0.38098819,63.56
943,20171122,0.33812702,0.39210034,62.512
944,20171124,0.31749016,0.39210034,63.016
945,20171127,0.3095529,0.39051289,63.35
946,20171128,0.306378,0.39051289,63.4
947,20171129,0.33495212,0.39051289,61.39
948,20171130,0.32542741,0.39210034,61.698
949,20171201,0.32701486,0.39051289,61.3
950,20171204,0.36035133,0.39051289,61.04
951,20171205,0.33812702,0.38575054,60.736
952,20171206,0.35241407,0.38575054,62.7
953,20171207,0.35400153,0.38733799,62.248
954,20171208,0.34606427,0.38892544,63.132
955,20171211,0.35558898,0.32383996,66.02
956,20171212,0.35241407,0.32066506,68.238
957,20171213,0.35241407,0.32066506,67.894
958,20171214,0.35717643,0.32225251,67.648
959,20171215,0.34288937,0.32225251,68.64
960,20171218,0.34447682,0.31907761,67.85
961,20171219,0.34765172,0.31749016,66.284
962,20171220,0.34606427,0.3095529,65.93
963,20171221,0.34447682,0.306378,66.33
964,20171222,0.34130192,0.3000282,64.978
965,20171226,0.35400153,0.3000282,63.536
966,20171227,0.35400153,0.27462899,62.214
967,20171228,0.34923917,0.28256624,63.1
968,20171229,0.36035133,0.28097879,62.198
969,20180102,0.35241407,0.28891604,64.15
970,20180103,0.34288937,0.29526585,62.14
971,20180104,0.32066506,0.2936784,63.0
972,20180105,0.31114035,0.3000282,63.376
973,20180108,0.33336467,0.28574114,67.372
974,20180109,0.32860231,0.28891604,66.646
975,20180110,0.33495212,0.28891604,67.0
976,20180111,0.33653957,0.28891604,67.62
977,20180112,0.33971447,0.28574114,67.248
978,20180116,0.36828858,0.28574114,67.9
979,20180117,0.38733799,0.29209094,69.49
980,20180118,0.38733799,0.29209094,68.93
981,20180119,0.3936878,0.29209094,70.198
982,20180122,0.41114975,0.29526585,70.398
983,20180123,0.42384936,0.29844075,70.74
984,20180124,0.42067446,0.29526585,69.51
985,20180125,0.43337406,0.29526585,68.2
986,20180126,0.42226191,0.29844075,68.8
987,20180129,0.46036073,0.30161565,69.84
988,20180130,0.44448622,0.30796545,69.16
989,20180131,0.44766112,0.32066506,71.17
990,20180201,0.43496152,0.32542741,70.18
991,20180202,0.45401092,0.35558898,68.52
992,20180205,0.48417249,0.39210034,66.53
993,20180206,0.46829798,0.40162505,67.188
994,20180207,0.46829798,0.40479995,68.992
995,20180208,0.45242347,0.40479995,63.3
996,20180209,0.46512308,0.40479995,62.398
997,20180212,0.41591211,0.39845015,63.146
998,20180213,0.38575054,0.40162505,65.058
999,20180214,0.37146348,0.3968627,64.692
1000,20180215,0.35876388,0.3936878,66.974
1001,20180216,0.35400153,0.3936878,67.198
1002,20180220,0.37463839,0.38892544,67.02
1003,20180221,0.36193878,0.39051289,66.662
1004,20180222,0.35717643,0.39051289,69.44
1005,20180223,0.34923917,0.3968627,70.4
1006,20180226,0.35876388,0.4000376,71.63
1007,20180227,0.36511368,0.4032125,70.28
1008,20180228,0.36670113,0.4032125,69.0
1009,20180301,0.38257564,0.4000376,66.3
1010,20180302,0.38098819,0.39845015,67.02
1011,20180305,0.38575054,0.39845015,66.796
1012,20180306,0.38098819,0.4032125,64.8
1013,20180307,0.37463839,0.40162505,66.37
1014,20180308,0.37781329,0.4095623,65.5
1015,20180309,0.37463839,0.4127372,65.436
1016,20180312,0.38733799,0.4095623,69.0
1017,20180313,0.38892544,0.4127372,67.94
1018,20180314,0.43496152,0.4063874,65.55
1019,20180315,0.42067446,0.40162505,65.05
1020,20180316,0.40797485,0.40162505,64.4
1021,20180319,0.44607367,0.37940074,62.8
1022,20180320,0.43337406,0.36035133,62.278
1023,20180321,0.42384936,0.36511368,63.466
1024,20180322,0.43178661,0.41114975,61.68
1025,20180323,0.46353563,0.44131132,60.45
1026,20180326,0.45242347,0.46829798,60.98
1027,20180327,0.58259444,0.52227131,54.94
1028,20180328,0.67307913,0.56671993,50.96
1029,20180329,0.6064062,0.56989483,51.96
1030,20180402,0.7064156,0.57624464,50.48
1031,20180403,0.62069326,0.58894424,53.786
1032,20180404,0.5968815,0.6000564,57.68
1033,20180405,0.6095811,0.6032313,59.8
1034,20180406,0.61434345,0.60164385,59.75
1035,20180409,0.62228071,0.60481875,58.26
1036,20180410,0.60164385,0.6032313,60.796
1037,20180411,0.55719523,0.60481875,60.49
1038,20180412,0.55560778,0.6095811,59.09
1039,20180413,0.55243287,0.61116855,59.998
1040,20180416,0.58259444,0.61434345,58.1
1041,20180417,0.56989483,0.61434345,58.9
1042,20180418,0.55402032,0.61116855,58.9
1043,20180419,0.53814582,0.61116855,59.888
1044,20180420,0.56513248,0.6064062,58.178
1045,20180423,0.58259444,0.60481875,56.8
1046,20180424,0.57783209,0.60481875,56.758
1047,20180425,0.57783209,0.6000564,56.556
1048,20180426,0.55878268,0.60164385,57.35
1049,20180427,0.54449562,0.64291757,58.68
1050,20180430,0.54449562,0.64767992,58.77
1051,20180501,0.53179601,0.65085482,60.21
1052,20180502,0.52862111,0.64133012,57.59
1053,20180503,0.45559838,0.63180541,56.7
1054,20180504,0.42861171,0.6032313,58.796
1055,20180507,0.42702426,0.58259444,60.76
1056,20180508,0.42702426,0.56195758,60.4
1057,20180509,0.4127372,0.51433405,61.196
1058,20180510,0.40162505,0.46353563,60.8
1059,20180511,0.3936878,0.45877328,60.21
1060,20180514,0.41432466,0.45083602,58.27
1061,20180515,0.45401092,0.44289877,56.6
1062,20180516,0.42861171,0.43019916,57.28
1063,20180517,0.42702426,0.42702426,57.11
1064,20180518,0.44766112,0.42702426,55.36
1065,20180521,0.42861171,0.41432466,56.84
1066,20180522,0.44448622,0.41591211,55.056
1067,20180523,0.42861171,0.41749956,55.8
1068,20180524,0.42384936,0.4127372,55.732
1069,20180525,0.40797485,0.4095623,55.8
1070,20180529,0.42067446,0.40479995,56.69
1071,20180530,0.39845015,0.40797485,58.3
1072,20180531,0.38892544,0.43019916,56.956
1073,20180601,0.38098819,0.43972387,58.4
1074,20180604,0.3936878,0.43972387,59.2
1075,20180605,0.4032125,0.44131132,58.938
1076,20180606,0.43019916,0.46353563,63.8
1077,20180607,0.43019916,0.46512308,63.36
1078,20180608,0.41114975,0.46512308,63.532
1079,20180611,0.44766112,0.4063874,66.736
1080,20180612,0.45877328,0.40162505,68.538
1081,20180613,0.45877328,0.41432466,69.596
1082,20180614,0.45877328,0.41749956,71.456
1083,20180615,0.45718583,0.42543681,71.7
1084,20180618,0.5095717,0.43019916,73.482
1085,20180619,0.52227131,0.43178661,70.242
1086,20180620,0.54290817,0.44131132,72.598
1087,20180621,0.55402032,0.43813642,69.26
1088,20180622,0.54767052,0.44131132,66.7
1089,20180625,0.56989483,0.44289877,66.69
1090,20180626,0.55719523,0.48734739,68.46
1091,20180627,0.57465718,0.48893484,69.08
1092,20180628,0.58259444,0.49845955,70.05
1093,20180629,0.59053169,0.50163445,68.8
1094,20180702,0.58259444,0.5032219,67.398
1095,20180703,0.58576934,0.50798425,61.998
1096,20180705,0.61116855,0.5095717,61.674
1097,20180706,0.6000564,0.5063968,61.818
1098,20180709,0.59370659,0.5063968,63.658
1099,20180710,0.58259444,0.5127466,63.6
1100,20180711,0.57465718,0.51592151,63.8
1101,20180712,0.54925797,0.51433405,63.24
1102,20180713,0.53814582,0.500047,63.758
1103,20180716,0.57148228,0.49210974,61.5
1104,20180717,0.54608307,0.50798425,64.47
1105,20180718,0.54449562,0.5127466,64.836
1106,20180719,0.54608307,0.4968721,64.298
1107,20180720,0.56037013,0.4968721,62.712
1108,20180723,0.58576934,0.49845955,60.8
1109,20180724,0.58894424,0.49528465,59.4
1110,20180725,0.56037013,0.49210974,60.5
1111,20180726,0.58894424,0.47941014,61.65
1112,20180727,0.59846895,0.54925797,59.496
1113,20180730,0.63498031,0.54767052,58.198
1114,20180731,0.62545561,0.54767052,59.796
1115,20180801,0.63974267,0.58100699,65.798
1116,20180802,0.46512308,0.58259444,69.98
1117,20180803,0.44448622,0.58894424,69.54
1118,20180806,0.42861171,0.59053169,68.026
1119,20180807,0.45083602,0.59529404,75.42
1120,20180808,0.45242347,0.55719523,74.0
1121,20180809,0.55243287,0.55560778,71.68
1122,20180810,0.52227131,0.54449562,70.58
1123,20180813,0.49845955,0.56037013,70.996
1124,20180814,0.47782269,0.58100699,69.596
1125,20180815,0.50163445,0.58100699,67.246
1126,20180816,0.49369719,0.58100699,67.24
1127,20180817,0.60164385,0.57941954,60.7
1128,20180820,0.66355443,0.57624464,61.53
1129,20180821,0.59529404,0.57783209,63.84
1130,20180822,0.57465718,0.57465718,64.46
1131,20180823,0.53973327,0.57306973,64.076
1132,20180824,0.49369719,0.56989483,64.438
1133,20180827,0.48417249,0.56830738,63.682
1134,20180828,0.47623524,0.55402032,62.56
1135,20180829,0.49052229,0.55084542,60.868
1136,20180830,0.49052229,0.55402032,60.46
1137,20180831,0.48893484,0.60799365,60.27
1138,20180904,0.55560778,0.61910581,57.5
1139,20180905,0.57624464,0.62228071,56.49
1140,20180906,0.59053169,0.62545561,56.5
1141,20180907,0.64767992,0.62704306,52.948
1142,20180910,0.6064062,0.56354503,56.85
1143,20180911,0.6095811,0.56671993,55.898
1144,20180912,0.59053169,0.59053169,58.108
1145,20180913,0.58418189,0.55878268,58.0
1146,20180914,0.57941954,0.55402032,59.036
1147,20180917,0.59846895,0.54449562,58.636
1148,20180918,0.63974267,0.54290817,56.55
1149,20180919,0.61593091,0.53814582,59.7
1150,20180920,0.6095811,0.53973327,59.9
1151,20180921,0.58100699,0.53655837,59.62
1152,20180924,0.59053169,0.66514188,59.9
1153,20180925,0.57148228,0.77150108,60.198
1154,20180926,0.56037013,0.76197638,62.12
1155,20180927,0.57306973,0.76197638,54.178
1156,20180928,0.73340226,0.76515128,53.224
1157,20181001,0.63180541,0.76991363,61.8
1158,20181002,0.63021796,0.77785089,60.82
1159,20181003,0.63180541,0.77943834,58.99
1160,20181004,0.66831678,0.78896304,55.04
1161,20181005,0.77785089,0.79372539,52.6
1162,20181008,0.83817402,0.80166265,51.15
1163,20181009,0.81753716,0.8032501,53.0
1164,20181010,0.86674813,0.80801245,50.6
1165,20181011,0.79531284,0.81436225,51.022
1166,20181012,0.78896304,0.81118735,51.736
1167,20181015,0.77150108,0.77943834,52.1
1168,20181016,0.73022736,0.77150108,55.8
1169,20181017,0.72705246,0.78578814,53.9
1170,20181018,0.74451442,0.79213794,53.2
1171,20181019,0.77626343,0.84452382,52.028
1172,20181022,0.77467598,0.86198578,52.18
1173,20181023,0.73816462,0.86674813,59.6
1174,20181024,0.8032501,0.85563597,63.36
1175,20181025,0.58894424,0.85404852,62.2
1176,20181026,0.58576934,0.85246107,65.4
1177,20181029,0.59529404,0.85404852,66.4
1178,20181030,0.57941954,0.85563597,66.126
1179,20181031,0.54290817,0.85881088,67.456
1180,20181101,0.52385876,0.85722342,68.38
1181,20181102,0.5095717,0.85722342,69.18
1182,20181105,0.52862111,0.76197638,68.33
1183,20181106,0.51115915,0.63974267,68.63
1184,20181107,0.48734739,0.63339286,69.628
1185,20181108,0.49528465,0.63339286,70.26
1186,20181109,0.500047,0.62863051,70.18
1187,20181112,0.54767052,0.62069326,65.804
1188,20181113,0.53179601,0.61593091,68.17
1189,20181114,0.52862111,0.62069326,68.75
1190,20181115,0.51115915,0.61116855,69.544
1191,20181116,0.49210974,0.6064062,70.88
1192,20181119,0.52862111,0.5968815,70.796
1193,20181120,0.55560778,0.59846895,69.508
1194,20181121,0.53973327,0.58894424,67.756
1195,20181123,0.58259444,0.57783209,65.14
1196,20181126,0.52862111,0.57783209,68.66
1197,20181127,0.51592151,0.57624464,69.09
1198,20181128,0.49052229,0.57941954,69.44
1199,20181129,0.49845955,0.55878268,68.3
1200,20181130,0.49528465,0.55719523,70.196
1201,20181203,0.46829798,0.47147288,71.598
1202,20181204,0.49845955,0.44289877,72.5
1203,20181206,0.52068386,0.43337406,72.796
1204,20181207,0.53179601,0.43972387,72.2
1205,20181210,0.52385876,0.46671053,72.7
1206,20181211,0.51592151,0.48258504,73.738
1207,20181212,0.51750896,0.49052229,73.6
1208,20181213,0.5032219,0.49369719,75.16
1209,20181214,0.52385876,0.55878268,73.3
1210,20181217,0.57306973,0.56195758,70.2
1211,20181218,0.59846895,0.56354503,67.4
1212,20181219,0.6032313,0.55560778,66.6
1213,20181220,0.65879208,0.56354503,63.2
1214,20181221,0.62386816,0.56354503,63.6
1215,20181224,0.70482815,0.56513248,58.798
1216,20181226,0.66672933,0.56195758,64.878
1217,20181227,0.6968909,0.56195758,62.8
1218,20181228,0.65244227,0.56513248,66.6
1219,20181231,0.62069326,0.56354503,66.68
1220,20190102,0.63180541,0.55402032,61.194
1221,20190103,0.64767992,0.6000564,59.88
1222,20190104,0.59053169,0.59846895,63.6
1223,20190107,0.60799365,0.5968815,67.0
1224,20190108,0.6032313,0.6000564,67.198
1225,20190109,0.61434345,0.6000564,67.62
1226,20190110,0.61116855,0.6032313,68.876
1227,20190111,0.59370659,0.60164385,69.4
1228,20190114,0.63498031,0.60164385,66.96
1229,20190115,0.62069326,0.6064062,69.12
1230,20190116,0.60164385,0.6064062,69.14
1231,20190117,0.6000564,0.60481875,69.69
1232,20190118,0.71911521,0.59529404,60.968
1233,20190122,0.67466658,0.59370659,59.9
1234,20190123,0.72863991,0.59211914,57.55
1235,20190124,0.73181481,0.57148228,58.0
1236,20190125,0.63180541,0.55878268,59.396
1237,20190128,0.65720463,0.54925797,58.998
1238,20190129,0.66037953,0.54449562,59.6
1239,20190130,0.64609247,0.47941014,58.83
1240,20190131,0.52703366,0.47306033,61.0
1241,20190201,0.49369719,0.46671053,62.418
1242,20190204,0.48417249,0.45718583,62.47
1243,20190205,0.45083602,0.44766112,64.298
1244,20190206,0.45559838,0.44448622,63.398
1245,20190207,0.47147288,0.44131132,61.298
1246,20190208,0.45718583,0.45083602,61.198
1247,20190211,0.47147288,0.45559838,62.546
1248,20190212,0.45559838,0.45559838,62.15
1249,20190213,0.46194818,0.47464779,61.6
1250,20190214,0.46353563,0.48099759,60.83
1251,20190215,0.44448622,0.42384936,61.666
1252,20190219,0.50480935,0.41908701,61.45
1253,20190220,0.51592151,0.4127372,60.46
1254,20190221,0.52385876,0.40479995,58.48
1255,20190222,0.5127466,0.4032125,59.0
1256,20190225,0.44131132,0.40162505,57.6
1257,20190226,0.50798425,0.4032125,59.604
1258,20190227,0.500047,0.4032125,63.092
1259,20190228,0.48575994,0.38733799,61.88
1260,20190301,0.51750896,0.38575054,58.88
1261,20190304,0.57783209,0.38416309,57.25
1262,20190305,0.57783209,0.38733799,55.56
1263,20190306,0.57465718,0.38733799,55.36
1264,20190307,0.55243287,0.38257564,55.95
1265,20190308,0.57148228,0.38733799,56.896
1266,20190311,0.53973327,0.38416309,58.1
1267,20190312,0.55560778,0.38098819,56.572
1268,20190313,0.54767052,0.38257564,57.87
1269,20190314,0.612756,0.37940074,57.74
1270,20190315,0.28256624,0.38257564,55.09
1271,20190318,0.57624464,0.38098819,53.78
1272,20190319,0.57941954,0.38257564,53.63
1273,20190320,0.57783209,0.4968721,54.798
1274,20190321,0.57465718,0.500047,55.06
1275,20190322,0.59370659,0.5032219,52.868
1276,20190325,0.58894424,0.49369719,52.26
1277,20190326,0.56671993,0.49052229,53.66
1278,20190327,0.54925797,0.49369719,55.0
1279,20190328,0.55243287,0.47464779,55.898
1280,20190329,0.55243287,0.47306033,55.976
1281,20190401,0.53814582,0.46671053,57.7
1282,20190402,0.54767052,0.46512308,57.486
1283,20190403,0.54925797,0.45877328,58.4
1284,20190404,0.54767052,0.46036073,53.6
1285,20190405,0.52862111,0.46194818,54.994
1286,20190408,0.53179601,0.46036073,54.8
1287,20190409,0.53020856,0.46671053,54.58
1288,20190410,0.51750896,0.47464779,55.386
1289,20190411,0.52544621,0.47782269,53.78
1290,20190412,0.52703366,0.47623524,53.59
1291,20190415,0.53020856,0.47306033,53.316
1292,20190416,0.51592151,0.49528465,54.558
1293,20190417,0.5127466,0.4968721,54.38
1294,20190418,0.56037013,0.5032219,54.586
1295,20190422,0.60799365,0.50163445,52.51
1296,20190423,0.59211914,0.500047,52.77
1297,20190424,0.58100699,0.5032219,51.664
1298,20190425,0.51909641,0.50480935,49.44
1299,20190426,0.54290817,0.51433405,47.6
1300,20190429,0.50163445,0.51592151,48.09
1301,20190430,0.500047,0.51909641,47.824
1302,20190501,0.49845955,0.51909641,46.75
1303,20190502,0.47147288,0.42384936,49.1
1304,20190503,0.45401092,0.44766112,51.0
1305,20190506,0.45559838,0.46353563,50.88
1306,20190507,0.47464779,0.48258504,49.42
1307,20190508,0.46671053,0.49845955,48.84
1308,20190509,0.46512308,0.50163445,48.3
1309,20190510,0.44924857,0.50480935,47.84
1310,20190513,0.48417249,0.50480935,45.328
1311,20190514,0.44607367,0.50480935,46.5
1312,20190515,0.43813642,0.5095717,46.338
1313,20190516,0.45242347,0.51592151,45.68
1314,20190517,0.53338346,0.52385876,42.002
1315,20190520,0.57148228,0.53179601,40.87
1316,20190521,0.57783209,0.55084542,40.4
1317,20190522,0.63498031,0.54608307,38.18
1318,20190523,0.66990423,0.54767052,39.19
1319,20190524,0.67942894,0.54925797,37.96
1320,20190528,0.66196698,0.55719523,37.898
1321,20190529,0.612756,0.55719523,38.1
1322,20190530,0.61593091,0.53814582,37.452
1323,20190531,0.61910581,0.53973327,37.188
1324,20190603,0.64609247,0.54449562,35.9
1325,20190604,0.62386816,0.54290817,38.918
1326,20190605,0.64767992,0.55084542,39.116
1327,20190606,0.65085482,0.55084542,41.28
1328,20190607,0.63656777,0.54925797,40.85
1329,20190610,0.63974267,0.53973327,43.06
1330,20190611,0.64926737,0.54290817,45.13
1331,20190612,0.63180541,0.53973327,42.04
1332,20190613,0.6095811,0.53973327,42.57
1333,20190614,0.6032313,0.53497092,43.0
1334,20190617,0.6095811,0.51592151,45.2
1335,20190618,0.59211914,0.53020856,45.044
1336,20190619,0.58576934,0.5127466,45.488
1337,20190620,0.60481875,0.49369719,43.9
1338,20190621,0.6000564,0.48417249,44.298
1339,20190624,0.61116855,0.48258504,44.9
1340,20190625,0.62704306,0.47941014,44.178
1341,20190626,0.66355443,0.47623524,43.74
1342,20190627,0.65402972,0.47623524,44.59
1343,20190628,0.65720463,0.47147288,44.79
1344,20190701,0.66514188,0.46194818,45.6
1345,20190702,0.66355443,0.44766112,48.102
1346,20190703,0.6000564,0.42543681,46.87
1347,20190705,0.612756,0.42226191,46.6
1348,20190708,0.59529404,0.41114975,46.06
1349,20190709,0.57941954,0.4000376,46.18
1350,20190710,0.57465718,0.53497092,47.772
1351,20190711,0.54290817,0.53655837,47.62
1352,20190712,0.53497092,0.53655837,49.248
1353,20190715,0.53179601,0.53338346,50.64
1354,20190716,0.53497092,0.52862111,50.35
1355,20190717,0.52703366,0.53179601,50.888
1356,20190718,0.53179601,0.52544621,50.956
1357,20190719,0.51909641,0.52862111,51.578
1358,20190722,0.52544621,0.53179601,51.236
1359,20190723,0.5127466,0.53338346,51.998
1360,20190724,0.52544621,0.53020856,47.14
1361,20190725,0.44607367,0.53179601,45.508
1362,20190726,0.42861171,0.53338346,45.45
1363,20190729,0.42543681,0.52544621,47.024
1364,20190730,0.43019916,0.53338346,48.38
1365,20190731,0.41908701,0.5063968,48.5
1366,20190801,0.45083602,0.5063968,46.664
1367,20190802,0.45083602,0.51115915,47.138
1368,20190805,0.49210974,0.51115915,44.78
1369,20190806,0.45401092,0.5127466,45.97
1370,20190807,0.44448622,0.51592151,46.62
1371,20190808,0.4127372,0.51909641,47.4
1372,20190809,0.42226191,0.51592151,46.992
1373,20190812,0.44289877,0.51592151,45.842
1374,20190813,0.42702426,0.51433405,47.08
1375,20190814,0.48099759,0.51750896,43.938
1376,20190815,0.48417249,0.52862111,43.07
1377,20190816,0.44289877,0.52862111,43.95
1378,20190819,0.42702426,0.53179601,45.394
1379,20190820,0.42067446,0.53338346,44.498
1380,20190821,0.44448622,0.38575054,44.2
1381,20190822,0.44766112,0.38098819,44.398
1382,20190823,0.48734739,0.37940074,42.016
1383,20190826,0.48575994,0.37940074,42.944
1384,20190827,0.46988543,0.37781329,43.1
1385,20190828,0.46353563,0.36828858,43.2
1386,20190829,0.44766112,0.36511368,44.3
1387,20190830,0.45718583,0.36035133,45.346
1388,20190903,0.5063968,0.35558898,45.13
1389,20190904,0.50798425,0.35082662,44.2
1390,20190905,0.49369719,0.35082662,45.882
1391,20190906,0.47623524,0.35082662,45.54
1392,20190909,0.48417249,0.35876388,46.338
1393,20190910,0.46829798,0.36670113,47.14
1394,20190911,0.46512308,0.36511368,49.68
1395,20190912,0.45401092,0.36511368,49.3
1396,20190913,0.43178661,0.36670113,49.04
1397,20190916,0.44766112,0.36352623,48.64
1398,20190917,0.43654897,0.36352623,48.996
1399,20190918,0.43337406,0.3936878,48.698
1400,20190919,0.43178661,0.39210034,49.396
1401,20190920,0.45877328,0.39051289,47.95
1402,20190923,0.49369719,0.3968627,48.588
1403,20190924,0.53497092,0.39527525,45.086
1404,20190925,0.52068386,0.3968627,45.7
1405,20190926,0.53020856,0.39527525,48.6
1406,20190927,0.53338346,0.38257564,48.438
1407,20190930,0.54290817,0.38098819,48.27
1408,20191001,0.54290817,0.37622584,48.956
1409,20191002,0.56195758,0.37463839,46.696
1410,20191003,0.53655837,0.37463839,46.49
1411,20191004,0.51909641,0.37781329,46.298
1412,20191007,0.52227131,0.37940074,47.596
1413,20191008,0.54132072,0.37463839,48.15
1414,20191009,0.52703366,0.5968815,48.596
1415,20191010,0.51750896,0.612756,49.18
1416,20191011,0.500047,0.62069326,49.7
1417,20191014,0.51115915,0.62545561,51.556
1418,20191015,0.51115915,0.62704306,51.5
1419,20191016,0.51909641,0.62704306,51.99
1420,20191017,0.51592151,0.62545561,52.396
1421,20191018,0.52227131,0.63021796,51.4
1422,20191021,0.54132072,0.62386816,50.92
1423,20191022,0.52703366,0.62069326,51.0
1424,20191023,0.51433405,0.61593091,61.2
1425,20191024,0.41432466,0.61116855,59.8
1426,20191025,0.46194818,0.61116855,65.484
1427,20191028,0.42384936,0.6095811,65.6
1428,20191029,0.3968627,0.61116855,62.94
1429,20191030,0.38575054,0.59211914,63.09
1430,20191031,0.37463839,0.58894424,62.92
1431,20191101,0.36035133,0.58735679,62.65
1432,20191104,0.37146348,0.58576934,63.736
1433,20191105,0.37146348,0.58576934,63.7
1434,20191106,0.39051289,0.58259444,65.278
1435,20191107,0.38892544,0.5968815,67.236
1436,20191108,0.38416309,0.6032313,67.35
1437,20191111,0.38098819,0.60164385,69.1
1438,20191112,0.37463839,0.60164385,69.94
1439,20191113,0.38575054,0.6000564,69.2
1440,20191114,0.38733799,0.59846895,69.894
1441,20191115,0.37146348,0.5968815,70.4
1442,20191118,0.37940074,0.59370659,70.024
1443,20191119,0.38892544,0.59370659,71.84
1444,20191120,0.39527525,0.36352623,70.49
1445,20191121,0.39210034,0.34130192,71.558
1446,20191122,0.37146348,0.32542741,66.65
1447,20191125,0.36193878,0.31590271,67.32
1448,20191126,0.33653957,0.31431526,65.99
1449,20191127,0.33018976,0.31749016,66.098
1450,20191129,0.34606427,0.32383996,66.1
1451,20191202,0.37305093,0.31749016,66.796
1452,20191203,0.38257564,0.31907761,67.286
1453,20191204,0.37622584,0.31590271,66.66
1454,20191205,0.36352623,0.31590271,66.78
1455,20191206,0.36035133,0.32225251,67.226
1456,20191209,0.38733799,0.31907761,67.99
1457,20191210,0.38733799,0.31907761,69.8
1458,20191211,0.37940074,0.31590271,70.93
1459,20191212,0.37781329,0.31907761,72.138
1460,20191213,0.36511368,0.33336467,71.8
1461,20191216,0.37940074,0.33653957,75.638
1462,20191217,0.38575054,0.34606427,75.836
1463,20191218,0.38733799,0.34447682,78.72
1464,20191219,0.41749956,0.35558898,80.976
1465,20191220,0.43019916,0.34765172,81.2
1466,20191223,0.43654897,0.34447682,83.938
1467,20191224,0.42861171,0.34447682,85.1
1468,20191226,0.45559838,0.36352623,86.3
1469,20191227,0.47147288,0.38733799,86.15
1470,20191230,0.50480935,0.3936878,82.496
1471,20191231,0.5063968,0.42067446,83.72
1472,20200102,0.53179601,0.42543681,86.388
1473,20200103,0.52703366,0.43972387,88.456
1474,20200106,0.54608307,0.47306033,90.4
1475,20200107,0.57783209,0.47941014,91.5
1476,20200108,0.64133012,0.48099759,99.26
1477,20200109,0.56671993,0.500047,96.04
1478,20200110,0.63339286,0.50480935,95.6
1479,20200113,0.65244227,0.5095717,106.4
1480,20200114,0.7159403,0.56989483,107.31
1481,20200115,0.70482815,0.56989483,103.974
1482,20200116,0.67942894,0.6032313,102.522
1483,20200117,0.64767992,0.76356383,100.88
1484,20200121,0.68419129,0.85087362,110.92
1485,20200122,0.74927677,0.9032595,114.44
1486,20200123,0.68736619,0.9096093,114.2
1487,20200124,0.68260384,0.94453322,111.94
1488,20200127,0.7064156,0.94453322,112.046
1489,20200128,0.68260384,0.94453322,114.3
1490,20200129,0.68895364,0.95882028,129.824
1491,20200130,0.53020856,0.96040773,128.95
1492,20200131,0.52862111,0.96834498,129.26
1493,20200203,0.75245167,0.99533164,153.6
1494,20200204,1.35250807,0.99691909,181.0
1495,20200205,0.94294577,0.99374419,145.48
1496,20200206,0.95882028,1.0159685,148.4
1497,20200207,0.88738499,1.02549321,149.16
1498,20200210,0.88579754,1.02390576,154.798
1499,20200211,0.75880148,1.04454262,154.158
1500,20200212,0.66831678,1.08740379,150.5
1501,20200213,0.73816462,1.10169085,160.098
1502,20200214,0.62863051,1.14137712,160.636
1503,20200218,0.70800305,1.14296457,176.5
1504,20200219,0.74610187,1.13502731,181.7
1505,20200220,0.75721403,1.14137712,178.2
1506,20200221,0.79213794,1.23503671,179.996
1507,20200224,0.75245167,1.26202338,169.1
1508,20200225,0.71435285,1.26678573,158.74
1509,20200226,0.69212854,1.29853474,153.96
1510,20200227,0.83182421,1.33187121,131.2
1511,20200228,0.97469478,1.41759355,134.996
1512,20200302,0.85881088,1.44775512,153.98
1513,20200303,0.9064344,1.42394336,146.358
1514,20200304,0.87468538,1.43664296,149.0
1515,20200305,0.88262264,1.4223559,144.2
1516,20200306,0.93500851,1.42553081,138.8
1517,20200309,1.00168145,1.43505551,127.4
1518,20200310,0.93183361,1.46204217,125.024
1519,20200311,0.93024616,1.47156688,126.968
1520,20200312,1.06041713,1.46997943,104.0
1521,20200313,1.17471358,1.46997943,106.68
1522,20200316,1.38901944,1.46997943,90.776
1523,20200317,0.67942894,1.46362963,81.6
1524,20200318,1.54300216,1.46997943,74.6
1525,20200319,1.46521708,1.5128406,79.0
1526,20200320,1.306472,1.5096657,84.998
1527,20200323,1.22233711,1.5160155,89.1
1528,20200324,1.12391516,1.51442805,101.996
1529,20200325,1.22074965,1.49696609,108.4
1530,20200326,1.16836378,1.47474178,105.4
1531,20200327,1.09692849,1.47791668,101.8
1532,20200330,1.04771752,1.45569237,100.598
1533,20200331,1.0032689,1.45727982,103.2
1534,20200401,1.07629163,1.45569237,97.2
1535,20200402,1.04613007,1.45727982,107.15
1536,20200403,0.99533164,1.39536924,95.0
1537,20200406,0.93818341,1.36838258,102.9
1538,20200407,0.89532224,1.36362023,109.976
1539,20200408,0.90802185,1.33345866,110.2
1540,20200409,0.88262264,1.27631043,119.2
1541,20200413,0.96993243,1.18423829,134.7
1542,20200414,1.0096187,1.13185241,149.4
1543,20200415,1.09375359,1.1001034,142.7
1544,20200416,1.07152928,1.04136772,155.178
1545,20200417,1.01755595,1.05882967,150.39
1546,20200420,1.01438105,1.0159685,149.6
1547,20200421,1.00803125,0.97310733,138.8
1548,20200422,0.99850654,0.93342106,145.0
1549,20200423,0.97786968,0.92072146,139.5
1550,20200424,0.9127842,0.91437165,145.196
1551,20200427,0.92865871,0.9127842,156.5
1552,20200428,0.82388696,0.91119675,155.4
1553,20200429,0.82864931,0.89849715,174.25
1554,20200430,0.73498971,0.88262264,153.2
1555,20200501,0.83499911,0.81118735,141.678
1556,20200504,0.78102579,0.78578814,153.8
1557,20200505,0.74451442,0.76197638,154.9
1558,20200506,0.71911521,0.76038893,156.0
1559,20200507,0.7032407,0.75721403,156.776
1560,20200508,0.68577874,0.73816462,164.1
1561,20200511,0.7095905,0.70482815,162.34
1562,20200512,0.7159403,0.68577874,159.08
1563,20200513,0.71911521,0.67307913,159.99
1564,20200514,0.69847835,0.66990423,161.2
1565,20200515,0.66037953,0.65402972,159.75
1566,20200518,0.65879208,0.62069326,162.772
1567,20200519,0.63974267,0.61116855,162.398
1568,20200520,0.62386816,0.61116855,163.12
1569,20200521,0.64133012,0.61751836,165.1
1570,20200522,0.6000564,0.612756,163.556
1571,20200526,0.60164385,0.62545561,164.044
1572,20200527,0.59529404,0.63339286,162.88
1573,20200528,0.55719523,0.58259444,161.404
1574,20200529,0.56830738,0.55084542,168.55
1575,20200601,0.63656777,0.55243287,177.316
1576,20200602,0.61116855,0.53814582,176.598
1577,20200603,0.58894424,0.53497092,176.736
1578,20200604,0.58259444,0.53338346,173.4
1579,20200605,0.57783209,0.52703366,177.0
1580,20200608,0.66672933,0.51115915,188.9
1581,20200609,0.64133012,0.5095717,187.698
1582,20200610,0.67466658,0.49369719,201.9
1583,20200611,0.72070266,0.48734739,195.0
1584,20200612,0.7127654,0.49528465,183.71
1585,20200615,0.72387756,0.49052229,198.96
1586,20200616,0.71117795,0.4968721,196.1
1587,20200617,0.67784149,0.55878268,197.6
1588,20200618,0.67307913,0.58576934,202.398
1589,20200619,0.64609247,0.6032313,198.596
1590,20200622,0.65244227,0.61910581,199.8
1591,20200623,0.65244227,0.61751836,199.6
1592,20200624,0.68260384,0.63498031,190.4
1593,20200625,0.68260384,0.75880148,198.4
1594,20200626,0.70482815,0.78896304,191.66
1595,20200629,0.77150108,0.79690029,201.5
1596,20200630,0.77943834,0.81118735,215.2
1597,20200701,0.77785089,0.8095999,227.6
1598,20200702,0.75880148,0.82388696,242.8
1599,20200706,0.9064344,0.82388696,286.666
1600,20200707,0.94770812,0.82547441,276.2
1601,20200708,0.92389636,0.84611127,272.4
1602,20200709,0.94294577,0.86833558,278.7
1603,20200710,1.06676693,0.86833558,308.4
1604,20200713,1.27313553,0.86674813,305.8
1605,20200714,1.25567357,0.86357323,313.68
1606,20200715,1.27472298,0.86516068,302.4
1607,20200716,1.18423829,0.86833558,297.608
1608,20200717,1.06200458,0.87151048,301.6
1609,20200720,1.1159779,0.87468538,332.8
1610,20200721,1.04136772,0.87468538,316.0
1611,20200722,1.05565477,0.87309793,331.6
1612,20200723,0.76197638,0.87468538,296.9
1613,20200724,0.75086422,0.87786029,280.4
1614,20200727,0.75880148,0.87627283,308.8
1615,20200728,0.74610187,0.90802185,294.8
1616,20200729,0.67625404,0.91754655,300.23
1617,20200730,0.67307913,0.88421009,301.26
1618,20200731,0.69847835,0.87151048,285.2
1619,20200803,0.68577874,0.86674813,297.0
1620,20200804,0.66831678,0.85722342,298.4
1621,20200805,0.64926737,0.85881088,296.4
1622,20200806,0.62863051,0.84928617,298.622
1623,20200807,0.63815522,0.76673873,290.4
1624,20200810,0.65720463,0.73340226,282.784
1625,20200811,0.65244227,0.72546501,293.0
1626,20200812,0.72387756,0.72229011,313.4
1627,20200813,0.72387756,0.72863991,327.0
1628,20200814,0.69371599,0.73022736,329.4
1629,20200817,0.74768932,0.72546501,367.554
1630,20200818,0.72070266,0.78737559,379.4
1631,20200819,0.68577874,0.80801245,374.2
1632,20200820,0.72546501,0.82229951,402.0
1633,20200821,0.78102579,0.95247047,409.0
1634,20200824,0.83499911,0.98104459,400.4
1635,20200825,0.82071206,1.00803125,409.8
1636,20200826,0.82706186,1.0159685,428.5
1637,20200827,0.93024616,1.02708066,450.0
1638,20200828,0.97628223,1.03819281,443.502
1639,20200831,1.1001034,1.04136772,514.75
1640,20200901,1.24614887,1.06359203,481.0
1641,20200902,1.27472298,1.07946653,437.5
1642,20200903,1.26678573,1.10169085,381.0
1643,20200904,1.26043592,1.1096281,392.0
1644,20200908,1.23027436,1.12391516,324.15
1645,20200909,1.09692849,1.12550261,374.98
1646,20200910,1.04613007,1.11756535,375.74
1647,20200911,1.02549321,1.12232771,373.75
1648,20200914,1.06200458,1.1191528,423.55
1649,20200915,1.16042653,1.112803,445.99
1650,20200916,1.19217554,1.11439045,444.74
1651,20200917,1.22392456,1.12709006,424.0
1652,20200918,1.25726102,1.12709006,449.6
1653,20200921,1.25249867,1.112803,423.25
1654,20200922,1.15407672,1.112803,395.34
1655,20200923,1.000094,1.11439045,367.77
1656,20200924,0.97786968,1.1064532,393.97
1657,20200925,0.92389636,1.10169085,405.8
1658,20200928,0.9127842,1.09057869,419.8
1659,20200929,0.9064344,1.08899124,418.21
1660,20200930,0.88897244,1.04454262,431.95
1661,20201001,0.84134892,1.000094,442.8
1662,20201002,0.90167205,0.96199518,411.36
1663,20201005,0.84769872,0.82229951,422.21
1664,20201006,0.84928617,0.77943834,413.24
1665,20201007,0.81436225,0.75245167,427.3
1666,20201008,0.8127748,0.74451442,429.75
1667,20201009,0.76991363,0.72863991,434.5
1668,20201012,0.76038893,0.7095905,442.19
1669,20201013,0.78420069,0.70165325,447.92
1670,20201014,0.8159497,0.66831678,460.5
1671,20201015,0.80483755,0.65244227,446.75
1672,20201016,0.76515128,0.61116855,438.7
1673,20201019,0.75880148,0.59846895,434.0
1674,20201020,0.75562657,0.57148228,424.8
1675,20201021,0.73340226,0.51115915,436.39
1676,20201022,0.62228071,0.50798425,426.58
1677,20201023,0.58418189,0.5095717,420.85
1678,20201026,0.61116855,0.51433405,416.87
1679,20201027,0.58418189,0.51433405,421.88
1680,20201028,0.6032313,0.5095717,407.7
1681,20201029,0.57941954,0.46671053,406.75
1682,20201030,0.64133012,0.46036073,387.0
1683,20201102,0.66355443,0.57783209,401.0
1684,20201103,0.64291757,0.6000564,425.0
1685,20201104,0.58259444,0.59846895,422.4
1686,20201105,0.57148228,0.59846895,432.4
1687,20201106,0.54449562,0.60481875,429.9
1688,20201109,0.54290817,0.62069326,424.28
1689,20201110,0.57306973,0.62228071,409.0
1690,20201111,0.53973327,0.61910581,417.0
1691,20201112,0.55243287,0.64133012,411.2
1692,20201113,0.56671993,0.65879208,408.12
1693,20201116,0.54767052,0.68101639,461.99
1694,20201117,0.64450502,0.68895364,438.34
1695,20201118,0.70482815,0.67466658,482.0
1696,20201119,0.74927677,0.67784149,493.19
1697,20201120,0.7095905,0.68101639,490.59
1698,20201123,0.73340226,0.7000658,530.0
1699,20201124,0.76038893,0.72546501,562.7
1700,20201125,0.74292697,0.73022736,575.2
1701,20201127,0.82706186,0.72546501,585.0
1702,20201130,0.92865871,0.72387756,592.4
1703,20201201,0.89532224,0.72229011,576.0
1704,20201202,0.84293637,0.72387756,583.0
1705,20201203,0.79690029,0.74768932,593.48
1706,20201204,0.79690029,0.75721403,598.82
1707,20201207,0.81912461,0.75245167,649.24
1708,20201208,0.95882028,0.74927677,647.4
1709,20201209,1.06041713,0.75086422,591.02
1710,20201210,0.99691909,0.75086422,625.0
1711,20201211,0.95882028,0.75086422,607.65
1712,20201214,0.88103519,0.75245167,635.99
1713,20201215,0.83658656,0.66355443,627.5
1714,20201216,0.80483755,0.64450502,621.0
1715,20201217,0.8159497,0.64133012,648.4
1716,20201218,0.80483755,0.64926737,677.0
1717,20201221,0.7000658,0.64767992,649.98
1718,20201222,0.66672933,0.65244227,634.98
1719,20201223,0.60164385,0.66196698,642.79
1720,20201224,0.58894424,0.66672933,660.25
1721,20201228,0.61751836,0.64767992,660.0
1722,20201229,0.59211914,0.62863051,665.39
1723,20201230,0.61593091,0.6095811,693.67
1724,20201231,0.62704306,0.6000564,704.7
1725,20210104,0.72387756,0.6032313,733.66
1726,20210105,0.67625404,0.59370659,752.99
1727,20210106,0.69847835,0.58576934,763.56
1728,20210107,0.76673873,0.57783209,829.5
1729,20210108,0.89055989,0.54449562,867.75
1730,20210111,0.87944774,0.54132072,818.5
1731,20210112,0.85881088,0.56513248,852.0
1732,20210113,0.83817402,0.57624464,843.1
1733,20210114,0.83023676,0.58259444,848.0
1734,20210115,0.82388696,0.57783209,824.0
1735,20210119,0.76515128,0.54290817,843.5
1736,20210120,0.72863991,0.53020856,851.87
1737,20210121,0.72229011,0.52068386,841.99
1738,20210122,0.71117795,0.51909641,846.9
1739,20210125,0.8032501,0.51750896,875.2
1740,20210126,0.78261324,0.51750896,887.91
1741,20210127,0.80483755,0.52068386,820.48
1742,20210128,0.65402972,0.52385876,829.5
1743,20210129,0.70800305,0.51909641,788.0
1744,20210201,0.65244227,0.52385876,839.98
1745,20210202,0.62069326,0.52544621,878.7
1746,20210203,0.6095811,0.51592151,851.7
1747,20210204,0.57465718,0.52227131,846.3
1748,20210205,0.56989483,0.6064062,853.49
1749,20210208,0.59211914,0.6064062,859.0
1750,20210209,0.59846895,0.61910581,846.0
1751,20210210,0.64450502,0.63180541,809.9
1752,20210211,0.59370659,0.79848775,811.63
1753,20210212,0.58418189,0.79690029,817.56
1754,20210216,0.5968815,0.8032501,791.5
1755,20210217,0.6032313,1.1064532,793.71
1756,20210218,0.59370659,1.14613947,783.35
1757,20210219,0.57465718,1.15883907,782.5
1758,20210222,0.67625404,1.18900064,710.9
1759,20210223,0.66990423,1.2032877,716.75
1760,20210224,0.64450502,1.2096375,738.75
1761,20210225,0.78102579,1.2032877,668.0
1762,20210226,0.7000658,1.19852534,670.9
1763,20210301,0.63021796,1.19376299,725.2
1764,20210302,0.64767992,1.20011279,688.99
1765,20210303,0.72863991,1.20487515,653.93
1766,20210304,0.76515128,1.20805005,600.1
1767,20210305,0.80801245,1.2159873,596.5
1768,20210308,0.85087362,1.21439985,567.99
1769,20210309,0.74133952,1.21439985,689.09
1770,20210310,0.80801245,1.22551201,664.56
1771,20210311,0.76197638,1.22233711,698.92
1772,20210312,0.72863991,1.22233711,692.99
1773,20210315,0.69530344,1.22709946,702.0
1774,20210316,0.7095905,1.22709946,674.06
1775,20210317,0.68895364,1.22868691,700.0
1776,20210318,0.76197638,1.24456142,650.99
1777,20210319,0.72070266,1.23821161,652.25
1778,20210322,0.68736619,1.18900064,669.34
1779,20210323,0.66514188,1.18265084,663.98
1780,20210324,0.70800305,1.17153868,633.9
1781,20210325,0.68419129,1.16360143,643.0
1782,20210326,0.73657717,1.05724222,621.5
1783,20210329,0.74292697,1.06200458,607.8
1784,20210330,0.7064156,1.05882967,639.01
1785,20210331,0.66514188,0.73498971,663.3
1786,20210401,0.63974267,0.68260384,658.0
1787,20210405,0.66196698,0.66355443,692.75
1788,20210406,0.64450502,0.6032313,692.3
1789,20210407,0.64767992,0.57465718,672.4
1790,20210408,0.61434345,0.55719523,687.0
1791,20210409,0.59053169,0.54290817,677.25
1792,20210412,0.612756,0.54608307,701.51
1793,20210413,0.62704306,0.54132072,757.85
1794,20210414,0.64291757,0.53020856,733.05
1795,20210415,0.63498031,0.53020856,738.25
1796,20210416,0.61751836,0.52385876,739.25
1797,20210419,0.66196698,0.5063968,721.78
1798,20210420,0.66355443,0.5063968,712.39
1799,20210421,0.62069326,0.51115915,741.0
1800,20210422,0.64767992,0.5063968,718.5
1801,20210423,0.5968815,0.49369719,730.55
1802,20210426,0.61116855,0.51750896,719.85
1803,20210427,0.53020856,0.51750896,702.0
1804,20210428,0.51433405,0.53020856,694.5
1805,20210429,0.52703366,0.52703366,671.0
1806,20210430,0.51592151,0.50163445,710.2
1807,20210503,0.53020856,0.51433405,681.5
1808,20210504,0.56830738,0.53020856,675.3
1809,20210505,0.54767052,0.53338346,666.6
1810,20210506,0.57148228,0.53497092,665.0
1811,20210507,0.51909641,0.54449562,670.0
1812,20210510,0.58100699,0.53973327,620.11
1813,20210511,0.57941954,0.53338346,615.75
1814,20210512,0.65402972,0.52862111,583.0
1815,20210513,0.65402972,0.52544621,574.0
1816,20210514,0.57941954,0.5127466,598.0
1817,20210517,0.59211914,0.51115915,571.95
1818,20210518,0.55560778,0.5063968,571.0
1819,20210519,0.56830738,0.5032219,558.5
1820,20210520,0.52227131,0.50798425,589.2
1821,20210521,0.51909641,0.51592151,578.7
1822,20210524,0.49369719,0.5095717,607.5
1823,20210525,0.48893484,0.5095717,607.35
1824,20210526,0.48575994,0.50480935,619.01
1825,20210527,0.48099759,0.49528465,629.23
1826,20210528,0.47147288,0.49369719,624.7
1827,20210601,0.50163445,0.48893484,621.7
1828,20210602,0.5095717,0.48893484,602.4
1829,20210603,0.55719523,0.48258504,572.3
1830,20210604,0.51909641,0.47941014,600.0
1831,20210607,0.53655837,0.47623524,600.0
1832,20210608,0.53814582,0.44924857,601.5
1833,20210609,0.53497092,0.44766112,598.31
1834,20210610,0.51433405,0.42861171,607.8
1835,20210611,0.48575994,0.42067446,611.0
1836,20210614,0.48575994,0.40479995,616.0
1837,20210615,0.500047,0.38892544,596.63
1838,20210616,0.47147288,0.36352623,602.5
1839,20210617,0.45559838,0.36511368,616.6
1840,20210618,0.48575994,0.36987603,620.97
1841,20210621,0.49528465,0.35717643,621.4
1842,20210622,0.49052229,0.36828858,624.25
1843,20210623,0.51592151,0.36352623,663.49
1844,20210624,0.52703366,0.36511368,682.0
1845,20210625,0.56513248,0.36828858,669.0
1846,20210628,0.57306973,0.37146348,686.78
1847,20210629,0.55878268,0.37463839,680.3
1848,20210630,0.58259444,0.36987603,679.4
1849,20210701,0.57465718,0.37622584,675.9
1850,20210702,0.55719523,0.37146348,677.6
1851,20210706,0.58100699,0.35717643,656.4
1852,20210707,0.59529404,0.35717643,643.9
1853,20210708,0.59053169,0.35400153,651.0
1854,20210709,0.55719523,0.36035133,655.8
1855,20210712,0.54290817,0.37463839,687.49
1856,20210713,0.54449562,0.37622584,663.0
1857,20210714,0.53338346,0.38098819,655.02
1858,20210715,0.51909641,0.38575054,649.2
1859,20210716,0.5127466,0.3936878,642.2
1860,20210719,0.53973327,0.3936878,647.78
1861,20210720,0.50480935,0.3936878,662.0
1862,20210721,0.51115915,0.39051289,654.7
1863,20210722,0.50163445,0.37305093,648.5
1864,20210723,0.5032219,0.37146348,643.6
1865,20210726,0.51433405,0.36987603,664.54
1866,20210727,0.45877328,0.36828858,639.12
1867,20210728,0.42543681,0.36987603,646.0
1868,20210729,0.45877328,0.36987603,669.99
1869,20210730,0.46194818,0.37305093,688.0
1870,20210802,0.46512308,0.37781329,715.0
1871,20210803,0.45559838,0.37622584,707.09
1872,20210804,0.44766112,0.36670113,711.0
1873,20210805,0.43813642,0.36987603,714.8
1874,20210806,0.40797485,0.37463839,697.0
1875,20210809,0.4000376,0.37146348,713.7
1876,20210810,0.38257564,0.36670113,708.5
1877,20210811,0.37622584,0.36035133,707.41
1878,20210812,0.37940074,0.35876388,720.5
1879,20210813,0.37940074,0.34765172,716.75
1880,20210816,0.42067446,0.34288937,682.15
1881,20210817,0.46036073,0.34130192,663.2
1882,20210818,0.43654897,0.33971447,685.5
1883,20210819,0.46036073,0.33812702,673.35
1884,20210820,0.42543681,0.33495212,680.5
1885,20210823,0.4000376,0.32225251,708.88
1886,20210824,0.4000376,0.31907761,706.54
1887,20210825,0.39210034,0.31431526,711.0
1888,20210826,0.40797485,0.32066506,699.9
1889,20210827,0.37463839,0.31114035,712.45
1890,20210830,0.36987603,0.306378,734.0
1891,20210831,0.37463839,0.30479055,734.15
1892,20210901,0.38098819,0.3032031,731.1
1893,20210902,0.37305093,0.32225251,733.5
1894,20210903,0.36670113,0.31907761,734.62
1895,20210907,0.37622584,0.31907761,751.5
1896,20210908,0.38733799,0.31907761,751.8
1897,20210909,0.38257564,0.31907761,753.85
1898,20210910,0.4127372,0.32225251,732.5
1899,20210913,0.3936878,0.31749016,743.01
1900,20210914,0.41114975,0.30796545,746.0
1901,20210915,0.36987603,0.3032031,755.79
1902,20210916,0.37622584,0.29844075,755.78
1903,20210917,0.37146348,0.3095529,759.48
1904,20210920,0.47306033,0.30479055,729.0
1905,20210921,0.41114975,0.30479055,737.28
1906,20210922,0.37463839,0.306378,754.94
1907,20210923,0.38098819,0.30479055,753.09
1908,20210924,0.3968627,0.30479055,774.0
1909,20210927,0.44131132,0.30796545,787.0
1910,20210928,0.49210974,0.306378,774.0
1911,20210929,0.500047,0.306378,780.6
1912,20210930,0.52068386,0.306378,775.13
1913,20211001,0.5127466,0.3095529,775.24
1914,20211004,0.50798425,0.306378,781.69
1915,20211005,0.52227131,0.3000282,780.4
1916,20211006,0.52703366,0.30796545,783.75
1917,20211007,0.4968721,0.30479055,790.0
1918,20211008,0.46829798,0.35082662,785.15
1919,20211011,0.46353563,0.3936878,792.6
1920,20211012,0.46829798,0.4032125,805.72
1921,20211013,0.43019916,0.4127372,813.99
1922,20211014,0.40479995,0.41591211,819.94
1923,20211015,0.36193878,0.42702426,849.3
1924,20211018,0.36352623,0.45401092,872.07
1925,20211019,0.37305093,0.46353563,863.0
1926,20211020,0.36352623,0.46671053,851.8
1927,20211021,0.36828858,0.46671053,889.69
1928,20211022,0.36511368,0.5063968,909.3
1929,20211025,0.49845955,0.53338346,1030.4
1930,20211026,0.50480935,0.55243287,1013.9
1931,20211027,0.52385876,0.56354503,1061.01
1932,20211028,0.54925797,0.56671993,1080.72
1933,20211029,0.57941954,0.56830738,1128.15
1934,20211101,0.62069326,0.56989483,1219.5
1935,20211102,0.66831678,0.58100699,1161.44
1936,20211103,0.66514188,0.58418189,1217.49
1937,20211104,0.7000658,0.58576934,1222.2
1938,20211105,0.63180541,0.6000564,1216.6
1939,20211108,0.6000564,0.62863051,1151.0
1940,20211109,0.73975207,0.64450502,1024.0
1941,20211110,0.65402972,0.64609247,1096.58
1942,20211111,0.61593091,0.64926737,1060.0
1943,20211112,0.62069326,0.65402972,1029.99
1944,20211115,0.61751836,0.66355443,1003.0
1945,20211116,0.6000564,0.66990423,1058.2
1946,20211117,0.61116855,0.67942894,1088.0
1947,20211118,0.61593091,0.69530344,1087.95
1948,20211119,0.63339286,0.67466658,1140.2
1949,20211122,0.65402972,0.65402972,1161.99
1950,20211123,0.71752776,0.64926737,1102.0
1951,20211124,0.66990423,0.64767992,1119.0
1952,20211126,0.7064156,0.65244227,1080.74
1953,20211129,0.64609247,0.64291757,1142.0
1954,20211130,0.66196698,0.63021796,1146.0
1955,20211201,0.67942894,0.63180541,1098.08
1956,20211202,0.71435285,0.63974267,1075.0
1957,20211203,0.75721403,0.64291757,1008.5
1958,20211206,0.7127654,0.62228071,1011.0
1959,20211207,0.66196698,0.6064062,1058.0
1960,20211208,0.64926737,0.5968815,1062.73
1961,20211209,0.65720463,0.59053169,997.99
1962,20211210,0.58418189,0.59053169,1012.85
1963,20211213,0.60799365,0.58418189,955.5
1964,20211214,0.61751836,0.58894424,953.34
1965,20211215,0.62069326,0.57941954,990.0
1966,20211216,0.64609247,0.62704306,920.75
1967,20211217,0.61593091,0.63974267,932.0
1968,20211220,0.63180541,0.63815522,903.88
1969,20211221,0.57783209,0.62228071,931.0
1970,20211222,0.58735679,0.61593091,1004.0
1971,20211223,0.59529404,0.63021796,1069.92
1972,20211227,0.62545561,0.63021796,1093.1
1973,20211228,0.62228071,0.62704306,1094.0
1974,20211229,0.61910581,0.62704306,1082.43
1975,20211230,0.6064062,0.62228071,1067.4
1976,20211231,0.60799365,0.62069326,1062.9
1977,20220103,0.66037953,0.6095811,1210.0
1978,20220104,0.66196698,0.6064062,1140.48
1979,20220105,0.66355443,0.6095811,1083.5
1980,20220106,0.65561717,0.64450502,1076.43
1981,20220107,0.66037953,0.64926737,1027.0
1982,20220110,0.6968909,0.67307913,1067.79
1983,20220111,0.67307913,0.67784149,1059.3
1984,20220112,0.65561717,0.68895364,1109.0
1985,20220113,0.67942894,0.69530344,1026.29
1986,20220114,0.64609247,0.69212854,1046.0
1987,20220118,0.66672933,0.69054109,1026.99
1988,20220119,0.68736619,0.69530344,999.5
1989,20220120,0.66514188,0.69371599,990.0
1990,20220121,0.74292697,0.69212854,936.66
1991,20220124,0.83976147,0.69054109,911.0
1992,20220125,0.8095999,0.68895364,921.84
1993,20220126,0.81118735,0.6968909,930.0
1994,20220127,0.72705246,0.69847835,837.0
1995,20220128,0.65402972,0.70482815,852.0
1996,20220131,0.61751836,0.66355443,938.0
1997,20220201,0.6032313,0.65244227,938.69
1998,20220202,0.58418189,0.64291757,881.5
1999,20220203,0.63021796,0.63815522,907.9
2000,20220204,0.57148228,0.64767992,926.6
2001,20220207,0.59370659,0.64291757,910.2
2002,20220208,0.55560778,,923.99
2003,20220209,0.53020856,,930.31
2004,20220210,0.54925797,,901.49
2005,20220211,0.59529404,,856.9
2006,20220214,0.58735679,,880.99
2007,20220215,0.54132072,,918.5
2008,20220216,0.52862111,,919.38
2009,20220217,0.58735679,,872.99
2010,20220218,0.59846895,,852.5
2011,20220222,0.63339286,,831.0
2012,20220223,0.67466658,,749.0
2013,20220224,0.69371599,,761.26
